complaint_id,date_received,product,sub_product,issue,sub_issue,company,consumer_complaint_narrative,is_furnishing_error,is_bnpl,notes
20899139,2026-04-02T20:53:18.000Z,Credit reporting or other personal consumer reports,Credit reporting,Improper use of your report,Reporting company used your report improperly,"Affirm Holdings, Inc",(not available in CFPB extract — code from issue/sub_issue),,,
16793619,2025-10-24T23:39:28.000Z,Credit reporting or other personal consumer reports,Credit reporting,Problem with a company's investigation into an existing problem,Their investigation did not fix an error on your report,"Affirm Holdings, Inc",(not available in CFPB extract — code from issue/sub_issue),,,
5446543,2022-04-14T15:39:18.000Z,"Credit reporting, credit repair services, or other personal consumer reports",Credit reporting,Improper use of your report,Credit inquiries on your report that you don't recognize,"Affirm Holdings, Inc",(not available in CFPB extract — code from issue/sub_issue),,,
21875849,2026-05-05T02:19:23.000Z,Credit reporting or other personal consumer reports,Credit reporting,Problem with a company's investigation into an existing problem,Investigation took more than 30 days,"Affirm Holdings, Inc",(not available in CFPB extract — code from issue/sub_issue),,,
7856539,2023-11-16T02:54:18.000Z,Credit reporting or other personal consumer reports,Credit reporting,Improper use of your report,Reporting company used your report improperly,"Affirm Holdings, Inc",(not available in CFPB extract — code from issue/sub_issue),,,
13125881,2025-04-22T11:58:02.000Z,Credit reporting or other personal consumer reports,Credit reporting,Problem with a company's investigation into an existing problem,Their investigation did not fix an error on your report,Klarna AB,(not available in CFPB extract — code from issue/sub_issue),,,
12344485,2025-03-07T00:56:57.000Z,Credit reporting or other personal consumer reports,Credit reporting,Improper use of your report,Reporting company used your report improperly,"Affirm Holdings, Inc",(not available in CFPB extract — code from issue/sub_issue),,,
9048255,2024-05-20T18:58:23.000Z,Credit reporting or other personal consumer reports,Credit reporting,Incorrect information on your report,Information belongs to someone else,"Affirm Holdings, Inc",(not available in CFPB extract — code from issue/sub_issue),,,
5843779,2022-08-04T17:12:18.000Z,"Credit reporting, credit repair services, or other personal consumer reports",Credit reporting,Problem with a credit reporting company's investigation into an existing problem,Difficulty submitting a dispute or getting information about a dispute over the phone,"Affirm Holdings, Inc",(not available in CFPB extract — code from issue/sub_issue),,,
21620501,2026-04-27T09:02:43.000Z,Credit reporting or other personal consumer reports,Credit reporting,Incorrect information on your report,Account information incorrect,"Affirm Holdings, Inc",(not available in CFPB extract — code from issue/sub_issue),,,
9864341,2024-08-20T18:18:51.000Z,Credit reporting or other personal consumer reports,Credit reporting,Problem with a company's investigation into an existing problem,Their investigation did not fix an error on your report,"Affirm Holdings, Inc",(not available in CFPB extract — code from issue/sub_issue),,,
12851794,2025-04-07T21:52:57.000Z,Credit reporting or other personal consumer reports,Credit reporting,Incorrect information on your report,Account status incorrect,"Affirm Holdings, Inc",(not available in CFPB extract — code from issue/sub_issue),,,
14753805,2025-07-19T18:48:30.000Z,Credit reporting or other personal consumer reports,Credit reporting,Improper use of your report,Reporting company used your report improperly,"Affirm Holdings, Inc",(not available in CFPB extract — code from issue/sub_issue),,,
7499267,2023-09-04T17:36:14.000Z,Credit reporting or other personal consumer reports,Credit reporting,Problem with a company's investigation into an existing problem,Was not notified of investigation status or results,"Affirm Holdings, Inc",(not available in CFPB extract — code from issue/sub_issue),,,
20084902,2026-03-09T07:15:40.000Z,Credit reporting or other personal consumer reports,Credit reporting,Improper use of your report,Reporting company used your report improperly,"Affirm Holdings, Inc",(not available in CFPB extract — code from issue/sub_issue),,,
6876015,2023-04-22T22:55:24.000Z,"Credit reporting, credit repair services, or other personal consumer reports",Credit reporting,Improper use of your report,Reporting company used your report improperly,"Affirm Holdings, Inc",(not available in CFPB extract — code from issue/sub_issue),,,
19823485,2026-02-26T22:04:46.000Z,Credit reporting or other personal consumer reports,Credit reporting,Problem with a company's investigation into an existing problem,Problem with personal statement of dispute,"Affirm Holdings, Inc",(not available in CFPB extract — code from issue/sub_issue),,,
5855676,2022-08-08T12:18:43.000Z,"Credit reporting, credit repair services, or other personal consumer reports",Credit reporting,Incorrect information on your report,Account information incorrect,"Affirm Holdings, Inc",(not available in CFPB extract — code from issue/sub_issue),,,
10282149,2024-09-29T15:22:44.000Z,Credit reporting or other personal consumer reports,Credit reporting,Incorrect information on your report,Account information incorrect,"Affirm Holdings, Inc",(not available in CFPB extract — code from issue/sub_issue),,,
9317270,2024-06-21T21:10:59.000Z,Credit reporting or other personal consumer reports,Credit reporting,Problem with a company's investigation into an existing problem,Their investigation did not fix an error on your report,"Affirm Holdings, Inc",(not available in CFPB extract — code from issue/sub_issue),,,
17158210,2025-11-11T23:55:25.000Z,Credit reporting or other personal consumer reports,Credit reporting,Incorrect information on your report,Account status incorrect,"Affirm Holdings, Inc",(not available in CFPB extract — code from issue/sub_issue),,,
15754275,2025-09-06T02:27:06.000Z,Credit reporting or other personal consumer reports,Credit reporting,Problem with a company's investigation into an existing problem,Their investigation did not fix an error on your report,"Affirm Holdings, Inc",(not available in CFPB extract — code from issue/sub_issue),,,
11858151,2025-01-31T07:32:20.000Z,Credit reporting or other personal consumer reports,Credit reporting,Incorrect information on your report,Account information incorrect,"Affirm Holdings, Inc",(not available in CFPB extract — code from issue/sub_issue),,,
21599434,2026-04-25T13:40:52.000Z,Credit reporting or other personal consumer reports,Credit reporting,Incorrect information on your report,Account status incorrect,Klarna AB,(not available in CFPB extract — code from issue/sub_issue),,,
8469351,2024-03-04T17:31:12.000Z,Credit reporting or other personal consumer reports,Credit reporting,Incorrect information on your report,Account information incorrect,"Affirm Holdings, Inc",(not available in CFPB extract — code from issue/sub_issue),,,
10660500,2024-11-01T13:18:51.000Z,Credit reporting or other personal consumer reports,Credit reporting,Improper use of your report,Reporting company used your report improperly,"Affirm Holdings, Inc",(not available in CFPB extract — code from issue/sub_issue),,,
5697304,2022-06-22T17:57:42.000Z,"Credit reporting, credit repair services, or other personal consumer reports",Credit reporting,Improper use of your report,Credit inquiries on your report that you don't recognize,"Affirm Holdings, Inc",(not available in CFPB extract — code from issue/sub_issue),,,
7111737,2023-06-13T20:01:08.000Z,"Credit reporting, credit repair services, or other personal consumer reports",Credit reporting,Incorrect information on your report,Information belongs to someone else,"Affirm Holdings, Inc",(not available in CFPB extract — code from issue/sub_issue),,,
6016409,2022-09-24T19:50:00.000Z,"Credit reporting, credit repair services, or other personal consumer reports",Credit reporting,Improper use of your report,Reporting company used your report improperly,"Affirm Holdings, Inc",(not available in CFPB extract — code from issue/sub_issue),,,
11213776,2024-12-19T16:16:32.000Z,Credit reporting or other personal consumer reports,Credit reporting,Improper use of your report,Reporting company used your report improperly,Sezzle Inc.,(not available in CFPB extract — code from issue/sub_issue),,,
12393153,2025-03-10T17:04:15.000Z,Credit reporting or other personal consumer reports,Credit reporting,Incorrect information on your report,Account information incorrect,"Affirm Holdings, Inc",(not available in CFPB extract — code from issue/sub_issue),,,
21630323,2026-04-27T16:21:26.000Z,Credit reporting or other personal consumer reports,Credit reporting,Improper use of your report,Reporting company used your report improperly,"Affirm Holdings, Inc",(not available in CFPB extract — code from issue/sub_issue),,,
8877212,2024-04-28T04:42:28.000Z,Credit reporting or other personal consumer reports,Credit reporting,Incorrect information on your report,Information belongs to someone else,"Affirm Holdings, Inc",(not available in CFPB extract — code from issue/sub_issue),,,
8767268,2024-04-14T15:20:53.000Z,Credit reporting or other personal consumer reports,Credit reporting,Incorrect information on your report,Information belongs to someone else,"Affirm Holdings, Inc",(not available in CFPB extract — code from issue/sub_issue),,,
19769446,2026-02-25T12:25:35.000Z,Credit reporting or other personal consumer reports,Credit reporting,Incorrect information on your report,Account status incorrect,"Affirm Holdings, Inc",(not available in CFPB extract — code from issue/sub_issue),,,
12973340,2025-04-14T17:33:23.000Z,Credit reporting or other personal consumer reports,Credit reporting,Incorrect information on your report,Information belongs to someone else,Sezzle Inc.,(not available in CFPB extract — code from issue/sub_issue),,,
13319921,2025-05-03T18:24:39.000Z,Credit reporting or other personal consumer reports,Credit reporting,Problem with a company's investigation into an existing problem,Difficulty submitting a dispute or getting information about a dispute over the phone,"Affirm Holdings, Inc",(not available in CFPB extract — code from issue/sub_issue),,,
13968565,2025-06-09T11:06:26.000Z,Credit reporting or other personal consumer reports,Credit reporting,Incorrect information on your report,Account information incorrect,"Affirm Holdings, Inc",(not available in CFPB extract — code from issue/sub_issue),,,
6877187,2023-04-22T13:24:45.000Z,"Credit reporting, credit repair services, or other personal consumer reports",Credit reporting,Incorrect information on your report,Account information incorrect,"Affirm Holdings, Inc",(not available in CFPB extract — code from issue/sub_issue),,,
13463224,2025-05-13T00:11:34.000Z,Credit reporting or other personal consumer reports,Credit reporting,Incorrect information on your report,Account status incorrect,"Affirm Holdings, Inc",(not available in CFPB extract — code from issue/sub_issue),,,
20392537,2026-03-18T22:40:21.000Z,Credit reporting or other personal consumer reports,Credit reporting,Problem with a company's investigation into an existing problem,Difficulty submitting a dispute or getting information about a dispute over the phone,"Affirm Holdings, Inc",(not available in CFPB extract — code from issue/sub_issue),,,
9858194,2024-08-21T02:24:02.000Z,Credit reporting or other personal consumer reports,Credit reporting,Problem with a company's investigation into an existing problem,Problem with personal statement of dispute,"Affirm Holdings, Inc",(not available in CFPB extract — code from issue/sub_issue),,,
9463396,2024-07-09T17:52:19.000Z,Credit reporting or other personal consumer reports,Credit reporting,Problem with a company's investigation into an existing problem,Their investigation did not fix an error on your report,"Affirm Holdings, Inc",(not available in CFPB extract — code from issue/sub_issue),,,
16732062,2025-10-22T00:26:06.000Z,Credit reporting or other personal consumer reports,Credit reporting,Problem with a company's investigation into an existing problem,Investigation took more than 30 days,"Affirm Holdings, Inc",(not available in CFPB extract — code from issue/sub_issue),,,
19373946,2026-02-10T02:25:25.000Z,Credit reporting or other personal consumer reports,Credit reporting,Incorrect information on your report,Information belongs to someone else,"Affirm Holdings, Inc",(not available in CFPB extract — code from issue/sub_issue),,,
22110106,2026-05-09T06:00:10.000Z,Credit reporting or other personal consumer reports,Credit reporting,Incorrect information on your report,Account status incorrect,"Affirm Holdings, Inc",(not available in CFPB extract — code from issue/sub_issue),,,
22087012,2026-05-11T19:48:57.000Z,Credit reporting or other personal consumer reports,Credit reporting,Incorrect information on your report,Account status incorrect,"Affirm Holdings, Inc",(not available in CFPB extract — code from issue/sub_issue),,,
14335803,2025-06-27T18:33:54.000Z,Credit reporting or other personal consumer reports,Credit reporting,Problem with a company's investigation into an existing problem,Their investigation did not fix an error on your report,"Affirm Holdings, Inc",(not available in CFPB extract — code from issue/sub_issue),,,
6296205,2022-12-09T06:27:59.000Z,"Credit reporting, credit repair services, or other personal consumer reports",Credit reporting,Improper use of your report,Reporting company used your report improperly,Sezzle Inc.,(not available in CFPB extract — code from issue/sub_issue),,,
18767337,2026-01-16T02:40:59.000Z,Credit reporting or other personal consumer reports,Credit reporting,Incorrect information on your report,Old information reappears or never goes away,Sezzle Inc.,(not available in CFPB extract — code from issue/sub_issue),,,
22176365,2026-05-13T21:28:04.000Z,Credit reporting or other personal consumer reports,Credit reporting,Incorrect information on your report,Account status incorrect,"Affirm Holdings, Inc",(not available in CFPB extract — code from issue/sub_issue),,,
17229567,2025-11-13T15:57:10.000Z,Credit reporting or other personal consumer reports,Credit reporting,Problem with a company's investigation into an existing problem,Their investigation did not fix an error on your report,Sezzle Inc.,(not available in CFPB extract — code from issue/sub_issue),,,
10320469,2024-10-02T21:24:05.000Z,Credit reporting or other personal consumer reports,Credit reporting,Incorrect information on your report,Information belongs to someone else,"Affirm Holdings, Inc",(not available in CFPB extract — code from issue/sub_issue),,,
22599690,2026-05-27T02:22:29.000Z,Credit reporting or other personal consumer reports,Credit reporting,Incorrect information on your report,Information belongs to someone else,"Affirm Holdings, Inc",(not available in CFPB extract — code from issue/sub_issue),,,
12594921,2025-03-21T17:13:08.000Z,Credit reporting or other personal consumer reports,Credit reporting,Incorrect information on your report,Information belongs to someone else,Sezzle Inc.,(not available in CFPB extract — code from issue/sub_issue),,,
19975520,2026-03-04T19:41:43.000Z,Credit reporting or other personal consumer reports,Credit reporting,Incorrect information on your report,Information belongs to someone else,Sezzle Inc.,(not available in CFPB extract — code from issue/sub_issue),,,
13205276,2025-04-27T20:44:14.000Z,Credit reporting or other personal consumer reports,Credit reporting,Improper use of your report,Reporting company used your report improperly,"Affirm Holdings, Inc",(not available in CFPB extract — code from issue/sub_issue),,,
7895232,2023-11-23T10:54:58.000Z,Credit reporting or other personal consumer reports,Credit reporting,Problem with a company's investigation into an existing problem,Their investigation did not fix an error on your report,"Affirm Holdings, Inc",(not available in CFPB extract — code from issue/sub_issue),,,
15701907,2025-09-03T14:28:26.000Z,Credit reporting or other personal consumer reports,Credit reporting,Problem with a company's investigation into an existing problem,Their investigation did not fix an error on your report,"Affirm Holdings, Inc",(not available in CFPB extract — code from issue/sub_issue),,,
13530371,2025-05-16T00:10:46.000Z,Credit reporting or other personal consumer reports,Credit reporting,Improper use of your report,Reporting company used your report improperly,"Affirm Holdings, Inc",(not available in CFPB extract — code from issue/sub_issue),,,
18280333,2025-12-25T07:00:44.000Z,Credit reporting or other personal consumer reports,Credit reporting,Incorrect information on your report,Information belongs to someone else,"Affirm Holdings, Inc",(not available in CFPB extract — code from issue/sub_issue),,,
5581382,2022-05-20T01:03:18.000Z,"Credit reporting, credit repair services, or other personal consumer reports",Credit reporting,Incorrect information on your report,Information belongs to someone else,"Affirm Holdings, Inc",(not available in CFPB extract — code from issue/sub_issue),,,
17995805,2025-11-27T18:24:47.000Z,Credit reporting or other personal consumer reports,Credit reporting,Improper use of your report,Reporting company used your report improperly,"Affirm Holdings, Inc",(not available in CFPB extract — code from issue/sub_issue),,,
5922794,2022-08-27T23:15:45.000Z,"Credit reporting, credit repair services, or other personal consumer reports",Credit reporting,Improper use of your report,Reporting company used your report improperly,"Affirm Holdings, Inc",(not available in CFPB extract — code from issue/sub_issue),,,
16624239,2025-10-16T23:11:51.000Z,Credit reporting or other personal consumer reports,Credit reporting,Improper use of your report,Reporting company used your report improperly,"Affirm Holdings, Inc",(not available in CFPB extract — code from issue/sub_issue),,,
12046944,2025-02-14T01:37:34.000Z,Credit reporting or other personal consumer reports,Credit reporting,Incorrect information on your report,Account status incorrect,"Affirm Holdings, Inc",(not available in CFPB extract — code from issue/sub_issue),,,
10404892,2024-10-09T18:51:11.000Z,Credit reporting or other personal consumer reports,Credit reporting,Improper use of your report,Reporting company used your report improperly,"Affirm Holdings, Inc",(not available in CFPB extract — code from issue/sub_issue),,,
6028361,2022-09-28T17:42:46.000Z,"Credit reporting, credit repair services, or other personal consumer reports",Credit reporting,Incorrect information on your report,Account information incorrect,Sezzle Inc.,(not available in CFPB extract — code from issue/sub_issue),,,
14741717,2025-07-18T18:32:33.000Z,Credit reporting or other personal consumer reports,Credit reporting,Incorrect information on your report,Account information incorrect,"Affirm Holdings, Inc",(not available in CFPB extract — code from issue/sub_issue),,,
6203675,2022-11-14T15:18:06.000Z,"Credit reporting, credit repair services, or other personal consumer reports",Credit reporting,Improper use of your report,Credit inquiries on your report that you don't recognize,"Affirm Holdings, Inc",(not available in CFPB extract — code from issue/sub_issue),,,
9124301,2024-05-30T02:52:44.000Z,Credit reporting or other personal consumer reports,Credit reporting,Problem with a company's investigation into an existing problem,Investigation took more than 30 days,"Affirm Holdings, Inc",(not available in CFPB extract — code from issue/sub_issue),,,
21962816,2026-05-07T05:09:01.000Z,Credit reporting or other personal consumer reports,Credit reporting,Incorrect information on your report,Account information incorrect,"Affirm Holdings, Inc",(not available in CFPB extract — code from issue/sub_issue),,,
7736173,2023-10-22T11:32:20.000Z,Credit reporting or other personal consumer reports,Credit reporting,Incorrect information on your report,Account information incorrect,"Affirm Holdings, Inc",(not available in CFPB extract — code from issue/sub_issue),,,
6935162,2023-05-05T14:56:47.000Z,"Credit reporting, credit repair services, or other personal consumer reports",Credit reporting,Incorrect information on your report,Information belongs to someone else,"Affirm Holdings, Inc",(not available in CFPB extract — code from issue/sub_issue),,,
7687602,2023-10-12T20:57:00.000Z,Credit reporting or other personal consumer reports,Credit reporting,Incorrect information on your report,Account status incorrect,"Affirm Holdings, Inc",(not available in CFPB extract — code from issue/sub_issue),,,
7879729,2023-11-20T19:49:39.000Z,Credit reporting or other personal consumer reports,Credit reporting,Incorrect information on your report,Account status incorrect,"Affirm Holdings, Inc",(not available in CFPB extract — code from issue/sub_issue),,,
10304994,2024-10-01T22:36:52.000Z,Credit reporting or other personal consumer reports,Credit reporting,Improper use of your report,Reporting company used your report improperly,"Affirm Holdings, Inc",(not available in CFPB extract — code from issue/sub_issue),,,
16505119,2025-10-10T18:14:12.000Z,Credit reporting or other personal consumer reports,Credit reporting,Incorrect information on your report,Information belongs to someone else,"Affirm Holdings, Inc",(not available in CFPB extract — code from issue/sub_issue),,,
21254305,2026-04-15T06:32:11.000Z,Credit reporting or other personal consumer reports,Credit reporting,Credit monitoring or identity theft protection services,Problem canceling credit monitoring or identify theft protection service,"Affirm Holdings, Inc",(not available in CFPB extract — code from issue/sub_issue),,,
10987695,2024-12-01T19:57:36.000Z,Credit reporting or other personal consumer reports,Credit reporting,Improper use of your report,Reporting company used your report improperly,"Affirm Holdings, Inc",(not available in CFPB extract — code from issue/sub_issue),,,
9595194,2024-07-23T19:42:09.000Z,Credit reporting or other personal consumer reports,Credit reporting,Problem with a company's investigation into an existing problem,Difficulty submitting a dispute or getting information about a dispute over the phone,"Affirm Holdings, Inc",(not available in CFPB extract — code from issue/sub_issue),,,
17979384,2025-11-20T14:08:36.000Z,Credit reporting or other personal consumer reports,Credit reporting,Incorrect information on your report,Account information incorrect,"Affirm Holdings, Inc",(not available in CFPB extract — code from issue/sub_issue),,,
16253813,2025-09-29T22:24:46.000Z,Credit reporting or other personal consumer reports,Credit reporting,Incorrect information on your report,Information belongs to someone else,"Affirm Holdings, Inc",(not available in CFPB extract — code from issue/sub_issue),,,
11431424,2025-01-08T17:21:05.000Z,Credit reporting or other personal consumer reports,Credit reporting,Incorrect information on your report,Information belongs to someone else,"Affirm Holdings, Inc",(not available in CFPB extract — code from issue/sub_issue),,,
7890355,2023-11-22T10:41:43.000Z,Credit reporting or other personal consumer reports,Credit reporting,Incorrect information on your report,Account status incorrect,"Affirm Holdings, Inc",(not available in CFPB extract — code from issue/sub_issue),,,
12304083,2025-03-05T05:27:01.000Z,Credit reporting or other personal consumer reports,Credit reporting,Incorrect information on your report,Information belongs to someone else,"Affirm Holdings, Inc",(not available in CFPB extract — code from issue/sub_issue),,,
22355946,2026-05-19T17:42:59.000Z,Credit reporting or other personal consumer reports,Credit reporting,Incorrect information on your report,Account information incorrect,"Affirm Holdings, Inc",(not available in CFPB extract — code from issue/sub_issue),,,
17979324,2025-11-20T05:15:07.000Z,Credit reporting or other personal consumer reports,Credit reporting,Problem with a company's investigation into an existing problem,Their investigation did not fix an error on your report,"Affirm Holdings, Inc",(not available in CFPB extract — code from issue/sub_issue),,,
13974731,2025-06-09T21:22:55.000Z,Credit reporting or other personal consumer reports,Credit reporting,Problem with a company's investigation into an existing problem,Their investigation did not fix an error on your report,"Affirm Holdings, Inc",(not available in CFPB extract — code from issue/sub_issue),,,
14084021,2025-06-15T02:33:18.000Z,Credit reporting or other personal consumer reports,Credit reporting,Incorrect information on your report,Account information incorrect,"Affirm Holdings, Inc",(not available in CFPB extract — code from issue/sub_issue),,,
5754192,2022-07-10T18:16:01.000Z,"Credit reporting, credit repair services, or other personal consumer reports",Credit reporting,Problem with a credit reporting company's investigation into an existing problem,Their investigation did not fix an error on your report,"Affirm Holdings, Inc",(not available in CFPB extract — code from issue/sub_issue),,,
14628104,2025-07-15T00:49:48.000Z,Credit reporting or other personal consumer reports,Credit reporting,Improper use of your report,Reporting company used your report improperly,"Affirm Holdings, Inc",(not available in CFPB extract — code from issue/sub_issue),,,
5104245,2022-01-12T13:37:33.000Z,"Credit reporting, credit repair services, or other personal consumer reports",Credit reporting,Incorrect information on your report,Account information incorrect,"Affirm Holdings, Inc",(not available in CFPB extract — code from issue/sub_issue),,,
19009481,2026-01-26T17:36:44.000Z,Credit reporting or other personal consumer reports,Credit reporting,Incorrect information on your report,Information belongs to someone else,Klarna AB,(not available in CFPB extract — code from issue/sub_issue),,,
8356901,2024-02-16T15:42:15.000Z,Credit reporting or other personal consumer reports,Credit reporting,Problem with a company's investigation into an existing problem,Problem with personal statement of dispute,"Affirm Holdings, Inc",(not available in CFPB extract — code from issue/sub_issue),,,
18206830,2025-12-21T17:28:33.000Z,Credit reporting or other personal consumer reports,Credit reporting,Incorrect information on your report,Account status incorrect,"Affirm Holdings, Inc",(not available in CFPB extract — code from issue/sub_issue),,,
23355223,2026-06-18T20:24:14.000Z,Credit reporting or other personal consumer reports,Credit reporting,Incorrect information on your report,Account information incorrect,"Affirm Holdings, Inc",(not available in CFPB extract — code from issue/sub_issue),,,
18198044,2025-12-20T16:16:43.000Z,Credit reporting or other personal consumer reports,Credit reporting,Incorrect information on your report,Account information incorrect,Sezzle Inc.,(not available in CFPB extract — code from issue/sub_issue),,,
18775444,2026-01-16T13:06:46.000Z,Credit reporting or other personal consumer reports,Credit reporting,Incorrect information on your report,Account information incorrect,"Affirm Holdings, Inc",(not available in CFPB extract — code from issue/sub_issue),,,
19698010,2026-02-23T07:13:31.000Z,Credit reporting or other personal consumer reports,Credit reporting,Problem with a company's investigation into an existing problem,Problem with personal statement of dispute,"Affirm Holdings, Inc",(not available in CFPB extract — code from issue/sub_issue),,,
7060906,2023-06-02T05:11:52.000Z,"Credit reporting, credit repair services, or other personal consumer reports",Credit reporting,Incorrect information on your report,Information belongs to someone else,"Affirm Holdings, Inc",(not available in CFPB extract — code from issue/sub_issue),,,
14037059,2025-06-12T18:04:41.000Z,Credit reporting or other personal consumer reports,Credit reporting,Incorrect information on your report,Account status incorrect,"Affirm Holdings, Inc",(not available in CFPB extract — code from issue/sub_issue),,,
14834469,2025-07-24T01:03:56.000Z,Credit reporting or other personal consumer reports,Credit reporting,Incorrect information on your report,Information belongs to someone else,Klarna AB,(not available in CFPB extract — code from issue/sub_issue),,,
13072970,2025-04-19T08:54:54.000Z,Credit reporting or other personal consumer reports,Credit reporting,Problem with a company's investigation into an existing problem,Their investigation did not fix an error on your report,"Affirm Holdings, Inc",(not available in CFPB extract — code from issue/sub_issue),,,
10644263,2024-10-31T13:13:01.000Z,Credit reporting or other personal consumer reports,Credit reporting,Incorrect information on your report,Account status incorrect,"Affirm Holdings, Inc",(not available in CFPB extract — code from issue/sub_issue),,,
9443276,2024-07-07T10:36:49.000Z,Credit reporting or other personal consumer reports,Credit reporting,Incorrect information on your report,Information belongs to someone else,"Affirm Holdings, Inc",(not available in CFPB extract — code from issue/sub_issue),,,
16798620,2025-10-24T20:23:25.000Z,Credit reporting or other personal consumer reports,Credit reporting,Incorrect information on your report,Account information incorrect,"Affirm Holdings, Inc",(not available in CFPB extract — code from issue/sub_issue),,,
13818161,2025-05-31T17:19:46.000Z,Credit reporting or other personal consumer reports,Credit reporting,Incorrect information on your report,Information belongs to someone else,"Affirm Holdings, Inc",(not available in CFPB extract — code from issue/sub_issue),,,
7675836,2023-10-10T16:57:01.000Z,Credit reporting or other personal consumer reports,Credit reporting,Incorrect information on your report,Account information incorrect,"Affirm Holdings, Inc",(not available in CFPB extract — code from issue/sub_issue),,,
17006518,2025-11-04T06:31:38.000Z,Credit reporting or other personal consumer reports,Credit reporting,Incorrect information on your report,Account status incorrect,"Affirm Holdings, Inc",(not available in CFPB extract — code from issue/sub_issue),,,
17285208,2025-11-16T14:32:36.000Z,Credit reporting or other personal consumer reports,Credit reporting,Incorrect information on your report,Account status incorrect,"Affirm Holdings, Inc",(not available in CFPB extract — code from issue/sub_issue),,,
13284857,2025-05-02T00:34:02.000Z,Credit reporting or other personal consumer reports,Credit reporting,Problem with a company's investigation into an existing problem,Their investigation did not fix an error on your report,"Affirm Holdings, Inc",(not available in CFPB extract — code from issue/sub_issue),,,
19777925,2026-02-25T16:58:38.000Z,Credit reporting or other personal consumer reports,Credit reporting,Incorrect information on your report,Account information incorrect,Klarna AB,(not available in CFPB extract — code from issue/sub_issue),,,
9898462,2024-08-24T01:13:36.000Z,Credit reporting or other personal consumer reports,Credit reporting,Incorrect information on your report,Information belongs to someone else,"Affirm Holdings, Inc",(not available in CFPB extract — code from issue/sub_issue),,,
19131559,2026-01-30T14:52:49.000Z,Credit reporting or other personal consumer reports,Credit reporting,Incorrect information on your report,Account information incorrect,Sezzle Inc.,(not available in CFPB extract — code from issue/sub_issue),,,
23174457,2026-06-12T23:30:11.000Z,Credit reporting or other personal consumer reports,Credit reporting,Improper use of your report,Reporting company used your report improperly,"Affirm Holdings, Inc",(not available in CFPB extract — code from issue/sub_issue),,,
11355689,2025-01-02T18:12:38.000Z,Credit reporting or other personal consumer reports,Credit reporting,Improper use of your report,Reporting company used your report improperly,"Affirm Holdings, Inc",(not available in CFPB extract — code from issue/sub_issue),,,
9323003,2024-06-22T14:44:43.000Z,Credit reporting or other personal consumer reports,Credit reporting,Improper use of your report,Reporting company used your report improperly,"Affirm Holdings, Inc",(not available in CFPB extract — code from issue/sub_issue),,,
11952805,2025-02-05T17:15:45.000Z,Credit reporting or other personal consumer reports,Credit reporting,Incorrect information on your report,Account status incorrect,"Affirm Holdings, Inc",(not available in CFPB extract — code from issue/sub_issue),,,
6940134,2023-05-07T15:38:27.000Z,"Credit reporting, credit repair services, or other personal consumer reports",Credit reporting,Incorrect information on your report,Information belongs to someone else,"Affirm Holdings, Inc",(not available in CFPB extract — code from issue/sub_issue),,,
6796542,2023-04-06T00:52:52.000Z,"Credit reporting, credit repair services, or other personal consumer reports",Credit reporting,Incorrect information on your report,Account status incorrect,"Affirm Holdings, Inc",(not available in CFPB extract — code from issue/sub_issue),,,
6119034,2022-10-24T00:25:53.000Z,"Credit reporting, credit repair services, or other personal consumer reports",Credit reporting,Incorrect information on your report,Information belongs to someone else,"Affirm Holdings, Inc",(not available in CFPB extract — code from issue/sub_issue),,,
16915874,2025-10-30T17:59:02.000Z,Credit reporting or other personal consumer reports,Credit reporting,Incorrect information on your report,Account status incorrect,"Affirm Holdings, Inc",(not available in CFPB extract — code from issue/sub_issue),,,
11879323,2025-01-31T06:34:55.000Z,Credit reporting or other personal consumer reports,Credit reporting,Incorrect information on your report,Information belongs to someone else,"Affirm Holdings, Inc",(not available in CFPB extract — code from issue/sub_issue),,,
9334121,2024-06-25T18:11:50.000Z,Credit reporting or other personal consumer reports,Credit reporting,Incorrect information on your report,Account information incorrect,"Affirm Holdings, Inc",(not available in CFPB extract — code from issue/sub_issue),,,
7435472,2023-08-21T17:28:47.000Z,"Credit reporting, credit repair services, or other personal consumer reports",Credit reporting,Problem with a credit reporting company's investigation into an existing problem,Their investigation did not fix an error on your report,"Affirm Holdings, Inc",(not available in CFPB extract — code from issue/sub_issue),,,
7612982,2023-09-27T19:55:05.000Z,Credit reporting or other personal consumer reports,Credit reporting,Problem with a company's investigation into an existing problem,Problem with personal statement of dispute,"Affirm Holdings, Inc",(not available in CFPB extract — code from issue/sub_issue),,,
17907589,2025-12-04T18:54:29.000Z,Credit reporting or other personal consumer reports,Credit reporting,Incorrect information on your report,Public record information inaccurate,"Affirm Holdings, Inc",(not available in CFPB extract — code from issue/sub_issue),,,
16288314,2025-10-01T19:29:35.000Z,Credit reporting or other personal consumer reports,Credit reporting,Incorrect information on your report,Account status incorrect,"Perpay, Inc.",(not available in CFPB extract — code from issue/sub_issue),,,
22330877,2026-05-19T03:07:22.000Z,Credit reporting or other personal consumer reports,Credit reporting,Problem with a company's investigation into an existing problem,Investigation took more than 30 days,"Affirm Holdings, Inc",(not available in CFPB extract — code from issue/sub_issue),,,
5480173,2022-04-22T03:13:56.000Z,"Credit reporting, credit repair services, or other personal consumer reports",Credit reporting,Incorrect information on your report,Account status incorrect,"Affirm Holdings, Inc",(not available in CFPB extract — code from issue/sub_issue),,,
16071093,2025-09-22T13:08:37.000Z,Credit reporting or other personal consumer reports,Credit reporting,Incorrect information on your report,Account status incorrect,"Affirm Holdings, Inc",(not available in CFPB extract — code from issue/sub_issue),,,
22243927,2026-05-15T15:12:19.000Z,Credit reporting or other personal consumer reports,Credit reporting,Incorrect information on your report,Account status incorrect,"Affirm Holdings, Inc",(not available in CFPB extract — code from issue/sub_issue),,,
15001641,2025-07-31T14:19:24.000Z,Credit reporting or other personal consumer reports,Credit reporting,Incorrect information on your report,Account status incorrect,"Affirm Holdings, Inc",(not available in CFPB extract — code from issue/sub_issue),,,
22456591,2026-05-22T01:29:12.000Z,Credit reporting or other personal consumer reports,Credit reporting,Credit monitoring or identity theft protection services,Billing dispute for services,"Affirm Holdings, Inc",(not available in CFPB extract — code from issue/sub_issue),,,
21852661,2026-05-04T14:47:36.000Z,Credit reporting or other personal consumer reports,Credit reporting,Problem with a company's investigation into an existing problem,Their investigation did not fix an error on your report,"Affirm Holdings, Inc",(not available in CFPB extract — code from issue/sub_issue),,,
8651165,2024-03-28T17:49:35.000Z,Credit reporting or other personal consumer reports,Credit reporting,Improper use of your report,Reporting company used your report improperly,"Affirm Holdings, Inc",(not available in CFPB extract — code from issue/sub_issue),,,
7682817,2023-10-11T17:32:04.000Z,Credit reporting or other personal consumer reports,Credit reporting,Problem with a company's investigation into an existing problem,Was not notified of investigation status or results,"Affirm Holdings, Inc",(not available in CFPB extract — code from issue/sub_issue),,,
14261769,2025-06-24T23:16:42.000Z,Credit reporting or other personal consumer reports,Credit reporting,Incorrect information on your report,Information belongs to someone else,Sezzle Inc.,(not available in CFPB extract — code from issue/sub_issue),,,
20599409,2026-03-25T22:03:02.000Z,Credit reporting or other personal consumer reports,Credit reporting,Incorrect information on your report,Account information incorrect,"Affirm Holdings, Inc",(not available in CFPB extract — code from issue/sub_issue),,,
10758312,2024-11-11T18:50:20.000Z,Credit reporting or other personal consumer reports,Credit reporting,Improper use of your report,Reporting company used your report improperly,"Affirm Holdings, Inc",(not available in CFPB extract — code from issue/sub_issue),,,
7839015,2023-11-11T16:06:21.000Z,Credit reporting or other personal consumer reports,Credit reporting,Improper use of your report,Reporting company used your report improperly,"Affirm Holdings, Inc",(not available in CFPB extract — code from issue/sub_issue),,,
19678846,2026-02-21T11:37:20.000Z,Credit reporting or other personal consumer reports,Credit reporting,Problem with a company's investigation into an existing problem,Problem with personal statement of dispute,"Affirm Holdings, Inc",(not available in CFPB extract — code from issue/sub_issue),,,
8798041,2024-04-17T19:16:21.000Z,Credit reporting or other personal consumer reports,Credit reporting,Problem with a company's investigation into an existing problem,Problem with personal statement of dispute,"Affirm Holdings, Inc",(not available in CFPB extract — code from issue/sub_issue),,,
11857806,2025-01-31T03:27:07.000Z,Credit reporting or other personal consumer reports,Credit reporting,Incorrect information on your report,Account information incorrect,"Affirm Holdings, Inc",(not available in CFPB extract — code from issue/sub_issue),,,
7169585,2023-06-26T20:08:55.000Z,"Credit reporting, credit repair services, or other personal consumer reports",Credit reporting,Incorrect information on your report,Account status incorrect,"Affirm Holdings, Inc",(not available in CFPB extract — code from issue/sub_issue),,,
20330597,2026-03-17T13:32:25.000Z,Credit reporting or other personal consumer reports,Credit reporting,Incorrect information on your report,Information belongs to someone else,"Affirm Holdings, Inc",(not available in CFPB extract — code from issue/sub_issue),,,
5571734,2022-05-17T22:26:46.000Z,"Credit reporting, credit repair services, or other personal consumer reports",Credit repair services,Fraud or scam,,"Affirm Holdings, Inc",(not available in CFPB extract — code from issue/sub_issue),,,
13572314,2025-05-17T16:42:45.000Z,Credit reporting or other personal consumer reports,Credit reporting,Incorrect information on your report,Account status incorrect,"Affirm Holdings, Inc",(not available in CFPB extract — code from issue/sub_issue),,,
8354505,2024-02-15T16:53:11.000Z,Credit reporting or other personal consumer reports,Credit reporting,Incorrect information on your report,Information belongs to someone else,"Affirm Holdings, Inc",(not available in CFPB extract — code from issue/sub_issue),,,
19339340,2026-02-08T13:19:12.000Z,Credit reporting or other personal consumer reports,Credit reporting,Improper use of your report,Reporting company used your report improperly,"Affirm Holdings, Inc",(not available in CFPB extract — code from issue/sub_issue),,,
21490603,2026-04-22T17:45:19.000Z,Credit reporting or other personal consumer reports,Credit reporting,Problem with a company's investigation into an existing problem,Their investigation did not fix an error on your report,"Affirm Holdings, Inc",(not available in CFPB extract — code from issue/sub_issue),,,
12189480,2025-02-24T19:42:07.000Z,Credit reporting or other personal consumer reports,Credit reporting,Incorrect information on your report,Information belongs to someone else,"Affirm Holdings, Inc",(not available in CFPB extract — code from issue/sub_issue),,,
23137485,2026-06-12T01:03:02.000Z,Credit reporting or other personal consumer reports,Credit reporting,Incorrect information on your report,Account information incorrect,"Affirm Holdings, Inc",(not available in CFPB extract — code from issue/sub_issue),,,
12492171,2025-03-14T04:08:16.000Z,Credit reporting or other personal consumer reports,Credit reporting,Incorrect information on your report,Account status incorrect,Klarna AB,(not available in CFPB extract — code from issue/sub_issue),,,
6673020,2023-03-09T15:04:32.000Z,"Credit reporting, credit repair services, or other personal consumer reports",Credit reporting,Incorrect information on your report,Personal information incorrect,Klarna AB,(not available in CFPB extract — code from issue/sub_issue),,,
11448691,2025-01-10T03:29:05.000Z,Credit reporting or other personal consumer reports,Credit reporting,Improper use of your report,Reporting company used your report improperly,"Affirm Holdings, Inc",(not available in CFPB extract — code from issue/sub_issue),,,
19153117,2026-01-31T07:06:40.000Z,Credit reporting or other personal consumer reports,Credit reporting,Incorrect information on your report,Account status incorrect,"Affirm Holdings, Inc",(not available in CFPB extract — code from issue/sub_issue),,,
12149031,2025-02-20T20:46:51.000Z,Credit reporting or other personal consumer reports,Credit reporting,Incorrect information on your report,Account status incorrect,"Affirm Holdings, Inc",(not available in CFPB extract — code from issue/sub_issue),,,
14464137,2025-07-05T01:19:01.000Z,Credit reporting or other personal consumer reports,Credit reporting,Incorrect information on your report,Account status incorrect,"Affirm Holdings, Inc",(not available in CFPB extract — code from issue/sub_issue),,,
11480053,2025-01-11T06:10:28.000Z,Credit reporting or other personal consumer reports,Credit reporting,Incorrect information on your report,Account information incorrect,"Affirm Holdings, Inc",(not available in CFPB extract — code from issue/sub_issue),,,
15775163,2025-09-07T19:45:29.000Z,Credit reporting or other personal consumer reports,Credit reporting,Incorrect information on your report,Account information incorrect,"Affirm Holdings, Inc",(not available in CFPB extract — code from issue/sub_issue),,,
12021678,2025-02-10T17:03:56.000Z,Credit reporting or other personal consumer reports,Credit reporting,Improper use of your report,Report provided to employer without your written authorization,"Affirm Holdings, Inc",(not available in CFPB extract — code from issue/sub_issue),,,
7775194,2023-10-30T19:56:16.000Z,Credit reporting or other personal consumer reports,Credit reporting,Incorrect information on your report,Information belongs to someone else,"Affirm Holdings, Inc",(not available in CFPB extract — code from issue/sub_issue),,,
14077685,2025-06-15T00:01:01.000Z,Credit reporting or other personal consumer reports,Credit reporting,Incorrect information on your report,Information belongs to someone else,"Affirm Holdings, Inc",(not available in CFPB extract — code from issue/sub_issue),,,
6916037,2023-05-01T11:33:01.000Z,"Credit reporting, credit repair services, or other personal consumer reports",Credit reporting,Incorrect information on your report,Account status incorrect,"Affirm Holdings, Inc",(not available in CFPB extract — code from issue/sub_issue),,,
11692645,2025-01-22T06:48:26.000Z,Credit reporting or other personal consumer reports,Credit reporting,Problem with a company's investigation into an existing problem,Their investigation did not fix an error on your report,"Affirm Holdings, Inc",(not available in CFPB extract — code from issue/sub_issue),,,
22240038,2026-05-15T13:38:30.000Z,Credit reporting or other personal consumer reports,Credit reporting,Incorrect information on your report,Information belongs to someone else,"Affirm Holdings, Inc",(not available in CFPB extract — code from issue/sub_issue),,,
10014378,2024-09-05T14:39:51.000Z,Credit reporting or other personal consumer reports,Credit reporting,Incorrect information on your report,Information belongs to someone else,"Affirm Holdings, Inc",(not available in CFPB extract — code from issue/sub_issue),,,
13789066,2025-05-29T16:56:29.000Z,Credit reporting or other personal consumer reports,Credit reporting,Improper use of your report,Reporting company used your report improperly,"Affirm Holdings, Inc",(not available in CFPB extract — code from issue/sub_issue),,,
14334029,2025-06-27T18:45:11.000Z,Credit reporting or other personal consumer reports,Credit reporting,Incorrect information on your report,Account information incorrect,"Affirm Holdings, Inc",(not available in CFPB extract — code from issue/sub_issue),,,
18760661,2026-01-15T21:36:04.000Z,Credit reporting or other personal consumer reports,Credit reporting,Incorrect information on your report,Account information incorrect,"Affirm Holdings, Inc",(not available in CFPB extract — code from issue/sub_issue),,,
19348645,2026-02-09T09:20:42.000Z,Credit reporting or other personal consumer reports,Credit reporting,Improper use of your report,Reporting company used your report improperly,"Affirm Holdings, Inc",(not available in CFPB extract — code from issue/sub_issue),,,
12657855,2025-03-25T17:37:51.000Z,Credit reporting or other personal consumer reports,Credit reporting,Incorrect information on your report,Old information reappears or never goes away,"Affirm Holdings, Inc",(not available in CFPB extract — code from issue/sub_issue),,,
11108819,2024-12-12T02:30:29.000Z,Credit reporting or other personal consumer reports,Credit reporting,Incorrect information on your report,Information belongs to someone else,"Affirm Holdings, Inc",(not available in CFPB extract — code from issue/sub_issue),,,
6045461,2022-10-04T02:34:45.000Z,"Credit reporting, credit repair services, or other personal consumer reports",Credit reporting,Incorrect information on your report,Information belongs to someone else,"Affirm Holdings, Inc",(not available in CFPB extract — code from issue/sub_issue),,,
20842081,2026-04-01T12:38:50.000Z,Credit reporting or other personal consumer reports,Credit reporting,Incorrect information on your report,Account status incorrect,"Affirm Holdings, Inc",(not available in CFPB extract — code from issue/sub_issue),,,
18490026,2026-01-06T06:07:42.000Z,Credit reporting or other personal consumer reports,Credit reporting,Improper use of your report,Reporting company used your report improperly,"Affirm Holdings, Inc",(not available in CFPB extract — code from issue/sub_issue),,,
21285040,2026-04-15T23:39:32.000Z,Credit reporting or other personal consumer reports,Credit reporting,Incorrect information on your report,Old information reappears or never goes away,"Affirm Holdings, Inc",(not available in CFPB extract — code from issue/sub_issue),,,
16554962,2025-10-14T02:02:24.000Z,Credit reporting or other personal consumer reports,Credit reporting,Incorrect information on your report,Information belongs to someone else,"Affirm Holdings, Inc",(not available in CFPB extract — code from issue/sub_issue),,,
10879020,2024-11-19T22:16:24.000Z,Credit reporting or other personal consumer reports,Credit reporting,Problem with a company's investigation into an existing problem,Their investigation did not fix an error on your report,"Affirm Holdings, Inc",(not available in CFPB extract — code from issue/sub_issue),,,
20220721,2026-03-12T22:41:02.000Z,Credit reporting or other personal consumer reports,Credit reporting,Incorrect information on your report,Information belongs to someone else,"Affirm Holdings, Inc",(not available in CFPB extract — code from issue/sub_issue),,,
7987732,2023-12-13T00:06:25.000Z,Credit reporting or other personal consumer reports,Credit reporting,Problem with a company's investigation into an existing problem,Their investigation did not fix an error on your report,"Affirm Holdings, Inc",(not available in CFPB extract — code from issue/sub_issue),,,
9297268,2024-06-19T20:21:49.000Z,Credit reporting or other personal consumer reports,Credit reporting,Problem with a company's investigation into an existing problem,Difficulty submitting a dispute or getting information about a dispute over the phone,"Affirm Holdings, Inc",(not available in CFPB extract — code from issue/sub_issue),,,
16047321,2025-09-19T22:13:20.000Z,Credit reporting or other personal consumer reports,Credit reporting,Incorrect information on your report,Account status incorrect,Klarna AB,(not available in CFPB extract — code from issue/sub_issue),,,
9635019,2024-07-29T00:31:45.000Z,Credit reporting or other personal consumer reports,Credit reporting,Problem with a company's investigation into an existing problem,Their investigation did not fix an error on your report,"Affirm Holdings, Inc",(not available in CFPB extract — code from issue/sub_issue),,,
17270492,2025-11-15T21:14:59.000Z,Credit reporting or other personal consumer reports,Credit reporting,Problem with a company's investigation into an existing problem,Their investigation did not fix an error on your report,"Affirm Holdings, Inc",(not available in CFPB extract — code from issue/sub_issue),,,
20850887,2026-04-01T16:39:17.000Z,Credit reporting or other personal consumer reports,Credit reporting,Problem with a company's investigation into an existing problem,Their investigation did not fix an error on your report,"Affirm Holdings, Inc",(not available in CFPB extract — code from issue/sub_issue),,,
9326879,2024-06-22T07:05:54.000Z,Credit reporting or other personal consumer reports,Credit reporting,Improper use of your report,Reporting company used your report improperly,"Affirm Holdings, Inc",(not available in CFPB extract — code from issue/sub_issue),,,
21000172,2026-04-07T05:35:32.000Z,Credit reporting or other personal consumer reports,Credit reporting,Problem with a company's investigation into an existing problem,Their investigation did not fix an error on your report,"Affirm Holdings, Inc",(not available in CFPB extract — code from issue/sub_issue),,,
10008540,2024-08-25T22:13:04.000Z,Credit reporting or other personal consumer reports,Credit reporting,Incorrect information on your report,Information belongs to someone else,"Affirm Holdings, Inc",(not available in CFPB extract — code from issue/sub_issue),,,
8938903,2024-05-07T01:57:58.000Z,Credit reporting or other personal consumer reports,Credit reporting,Improper use of your report,Reporting company used your report improperly,"Affirm Holdings, Inc",(not available in CFPB extract — code from issue/sub_issue),,,
15506913,2025-08-25T03:09:13.000Z,Credit reporting or other personal consumer reports,Credit reporting,Incorrect information on your report,Personal information incorrect,"Affirm Holdings, Inc",(not available in CFPB extract — code from issue/sub_issue),,,
12996721,2025-04-16T02:43:13.000Z,Credit reporting or other personal consumer reports,Credit reporting,Problem with a company's investigation into an existing problem,Investigation took more than 30 days,"Affirm Holdings, Inc",(not available in CFPB extract — code from issue/sub_issue),,,
22874778,2026-06-04T01:28:41.000Z,Credit reporting or other personal consumer reports,Credit reporting,Incorrect information on your report,Account information incorrect,"Affirm Holdings, Inc",(not available in CFPB extract — code from issue/sub_issue),,,
14737640,2025-07-18T22:40:41.000Z,Credit reporting or other personal consumer reports,Credit reporting,Improper use of your report,Reporting company used your report improperly,"Affirm Holdings, Inc",(not available in CFPB extract — code from issue/sub_issue),,,
9123681,2024-05-29T03:10:00.000Z,Credit reporting or other personal consumer reports,Credit reporting,Incorrect information on your report,Information belongs to someone else,"Affirm Holdings, Inc",(not available in CFPB extract — code from issue/sub_issue),,,
5948203,2022-09-04T23:26:57.000Z,"Credit reporting, credit repair services, or other personal consumer reports",Credit reporting,Improper use of your report,Reporting company used your report improperly,"Affirm Holdings, Inc",(not available in CFPB extract — code from issue/sub_issue),,,
23179434,2026-06-13T02:55:32.000Z,Credit reporting or other personal consumer reports,Credit reporting,Incorrect information on your report,Account information incorrect,"Affirm Holdings, Inc",(not available in CFPB extract — code from issue/sub_issue),,,
20304354,2026-03-16T18:46:04.000Z,Credit reporting or other personal consumer reports,Credit reporting,Incorrect information on your report,Account status incorrect,"Affirm Holdings, Inc",(not available in CFPB extract — code from issue/sub_issue),,,
9877171,2024-08-21T18:37:43.000Z,Credit reporting or other personal consumer reports,Credit reporting,Incorrect information on your report,Account information incorrect,"Affirm Holdings, Inc",(not available in CFPB extract — code from issue/sub_issue),,,
12816902,2025-04-04T20:41:00.000Z,Credit reporting or other personal consumer reports,Other personal consumer report,Problem with a company's investigation into an existing issue,Their investigation did not fix an error on your report,"Affirm Holdings, Inc",(not available in CFPB extract — code from issue/sub_issue),,,
8770613,2024-04-14T17:35:16.000Z,Credit reporting or other personal consumer reports,Credit reporting,Improper use of your report,Reporting company used your report improperly,"Affirm Holdings, Inc",(not available in CFPB extract — code from issue/sub_issue),,,
11091194,2024-12-09T17:47:18.000Z,Credit reporting or other personal consumer reports,Credit reporting,Improper use of your report,Reporting company used your report improperly,"Affirm Holdings, Inc",(not available in CFPB extract — code from issue/sub_issue),,,
13292208,2025-05-01T17:04:55.000Z,Credit reporting or other personal consumer reports,Credit reporting,Incorrect information on your report,Account status incorrect,"Affirm Holdings, Inc",(not available in CFPB extract — code from issue/sub_issue),,,
9590949,2024-07-24T01:43:52.000Z,Credit reporting or other personal consumer reports,Credit reporting,Improper use of your report,Reporting company used your report improperly,"Affirm Holdings, Inc",(not available in CFPB extract — code from issue/sub_issue),,,
7949368,2023-12-04T14:03:41.000Z,Credit reporting or other personal consumer reports,Credit reporting,Problem with a company's investigation into an existing problem,Their investigation did not fix an error on your report,"Affirm Holdings, Inc",(not available in CFPB extract — code from issue/sub_issue),,,
7011112,2023-05-22T19:39:55.000Z,"Credit reporting, credit repair services, or other personal consumer reports",Credit reporting,Incorrect information on your report,Account information incorrect,"Affirm Holdings, Inc",(not available in CFPB extract — code from issue/sub_issue),,,
22050454,2026-05-09T15:22:39.000Z,Credit reporting or other personal consumer reports,Credit reporting,Incorrect information on your report,Personal information incorrect,"Affirm Holdings, Inc",(not available in CFPB extract — code from issue/sub_issue),,,
11417635,2025-01-07T14:19:02.000Z,Credit reporting or other personal consumer reports,Credit reporting,Problem with a company's investigation into an existing problem,Their investigation did not fix an error on your report,"Affirm Holdings, Inc",(not available in CFPB extract — code from issue/sub_issue),,,
21638373,2026-04-27T19:47:54.000Z,Credit reporting or other personal consumer reports,Credit reporting,Problem with fraud alerts or security freezes,,"Affirm Holdings, Inc",(not available in CFPB extract — code from issue/sub_issue),,,
10325674,2024-10-02T15:31:12.000Z,Credit reporting or other personal consumer reports,Credit reporting,Incorrect information on your report,Old information reappears or never goes away,"Affirm Holdings, Inc",(not available in CFPB extract — code from issue/sub_issue),,,
16521909,2025-10-11T15:15:15.000Z,Credit reporting or other personal consumer reports,Other personal consumer report,Incorrect information on your report,Information is incorrect,"Affirm Holdings, Inc",(not available in CFPB extract — code from issue/sub_issue),,,
6524494,2023-02-05T03:46:34.000Z,"Credit reporting, credit repair services, or other personal consumer reports",Credit reporting,Incorrect information on your report,Account status incorrect,"Affirm Holdings, Inc",(not available in CFPB extract — code from issue/sub_issue),,,
18445044,2026-01-03T17:53:01.000Z,Credit reporting or other personal consumer reports,Credit reporting,Incorrect information on your report,Information belongs to someone else,"Affirm Holdings, Inc",(not available in CFPB extract — code from issue/sub_issue),,,
5566991,2022-05-16T17:41:15.000Z,"Credit reporting, credit repair services, or other personal consumer reports",Credit reporting,Incorrect information on your report,Account status incorrect,"Affirm Holdings, Inc",(not available in CFPB extract — code from issue/sub_issue),,,
13159903,2025-04-24T03:45:58.000Z,Credit reporting or other personal consumer reports,Credit reporting,Incorrect information on your report,Account information incorrect,"Affirm Holdings, Inc",(not available in CFPB extract — code from issue/sub_issue),,,
13394151,2025-05-07T19:32:17.000Z,Credit reporting or other personal consumer reports,Credit reporting,Problem with a company's investigation into an existing problem,Their investigation did not fix an error on your report,"Affirm Holdings, Inc",(not available in CFPB extract — code from issue/sub_issue),,,
17900953,2025-12-09T22:37:06.000Z,Credit reporting or other personal consumer reports,Credit reporting,Incorrect information on your report,Account status incorrect,"Affirm Holdings, Inc",(not available in CFPB extract — code from issue/sub_issue),,,
18592387,2026-01-09T08:42:58.000Z,Credit reporting or other personal consumer reports,Credit reporting,Incorrect information on your report,Account information incorrect,"Affirm Holdings, Inc",(not available in CFPB extract — code from issue/sub_issue),,,
17987056,2025-12-01T20:16:40.000Z,Credit reporting or other personal consumer reports,Credit reporting,Improper use of your report,Reporting company used your report improperly,"Affirm Holdings, Inc",(not available in CFPB extract — code from issue/sub_issue),,,
9879677,2024-08-13T19:33:11.000Z,Credit reporting or other personal consumer reports,Credit reporting,Incorrect information on your report,Information belongs to someone else,"Affirm Holdings, Inc",(not available in CFPB extract — code from issue/sub_issue),,,
9653847,2024-07-29T14:01:27.000Z,Credit reporting or other personal consumer reports,Credit reporting,Problem with a company's investigation into an existing problem,Investigation took more than 30 days,"Affirm Holdings, Inc",(not available in CFPB extract — code from issue/sub_issue),,,
10131183,2024-09-15T14:38:32.000Z,Credit reporting or other personal consumer reports,Credit reporting,Credit monitoring or identity theft protection services,Billing dispute for services,"Affirm Holdings, Inc",(not available in CFPB extract — code from issue/sub_issue),,,
22672602,2026-05-28T20:06:26.000Z,Credit reporting or other personal consumer reports,Credit reporting,Problem with a company's investigation into an existing problem,Difficulty submitting a dispute or getting information about a dispute over the phone,Klarna AB,(not available in CFPB extract — code from issue/sub_issue),,,
9117758,2024-05-28T17:19:09.000Z,Credit reporting or other personal consumer reports,Credit reporting,Problem with a company's investigation into an existing problem,Investigation took more than 30 days,"Affirm Holdings, Inc",(not available in CFPB extract — code from issue/sub_issue),,,
12513798,2025-03-17T17:13:00.000Z,Credit reporting or other personal consumer reports,Credit reporting,Incorrect information on your report,Information belongs to someone else,"Affirm Holdings, Inc",(not available in CFPB extract — code from issue/sub_issue),,,
8377385,2024-02-20T01:53:56.000Z,Credit reporting or other personal consumer reports,Credit reporting,Improper use of your report,Reporting company used your report improperly,"Affirm Holdings, Inc",(not available in CFPB extract — code from issue/sub_issue),,,
5883961,2022-08-16T19:06:33.000Z,"Credit reporting, credit repair services, or other personal consumer reports",Credit reporting,Incorrect information on your report,Account status incorrect,"Affirm Holdings, Inc",(not available in CFPB extract — code from issue/sub_issue),,,
21177747,2026-04-13T03:35:24.000Z,Credit reporting or other personal consumer reports,Credit reporting,Incorrect information on your report,Information belongs to someone else,"Affirm Holdings, Inc",(not available in CFPB extract — code from issue/sub_issue),,,
23274875,2026-06-16T22:03:23.000Z,Credit reporting or other personal consumer reports,Credit reporting,Improper use of your report,Reporting company used your report improperly,"Affirm Holdings, Inc",(not available in CFPB extract — code from issue/sub_issue),,,
16563260,2025-10-14T19:46:27.000Z,Credit reporting or other personal consumer reports,Credit reporting,Incorrect information on your report,Information belongs to someone else,"Perpay, Inc.",(not available in CFPB extract — code from issue/sub_issue),,,
21125450,2026-04-10T12:16:08.000Z,Credit reporting or other personal consumer reports,Credit reporting,Problem with a company's investigation into an existing problem,Their investigation did not fix an error on your report,"Affirm Holdings, Inc",(not available in CFPB extract — code from issue/sub_issue),,,
10551208,2024-10-23T23:44:30.000Z,Credit reporting or other personal consumer reports,Credit reporting,Problem with a company's investigation into an existing problem,Their investigation did not fix an error on your report,"Affirm Holdings, Inc",(not available in CFPB extract — code from issue/sub_issue),,,
23145441,2026-06-12T07:28:11.000Z,Credit reporting or other personal consumer reports,Credit reporting,Incorrect information on your report,Account information incorrect,"Affirm Holdings, Inc",(not available in CFPB extract — code from issue/sub_issue),,,
7890115,2023-11-22T07:11:06.000Z,Credit reporting or other personal consumer reports,Credit reporting,Incorrect information on your report,Information belongs to someone else,"Affirm Holdings, Inc",(not available in CFPB extract — code from issue/sub_issue),,,
9859247,2024-08-21T01:42:42.000Z,Credit reporting or other personal consumer reports,Credit reporting,Problem with a company's investigation into an existing problem,Their investigation did not fix an error on your report,"Affirm Holdings, Inc",(not available in CFPB extract — code from issue/sub_issue),,,
17392601,2025-11-20T10:38:42.000Z,Credit reporting or other personal consumer reports,Credit reporting,Incorrect information on your report,Personal information incorrect,"Affirm Holdings, Inc",(not available in CFPB extract — code from issue/sub_issue),,,
14788305,2025-07-20T10:43:47.000Z,Credit reporting or other personal consumer reports,Credit reporting,Improper use of your report,Credit inquiries on your report that you don't recognize,"Affirm Holdings, Inc",(not available in CFPB extract — code from issue/sub_issue),,,
11381619,2025-01-04T19:12:02.000Z,Credit reporting or other personal consumer reports,Credit reporting,Improper use of your report,Reporting company used your report improperly,"Affirm Holdings, Inc",(not available in CFPB extract — code from issue/sub_issue),,,
22211808,2026-05-14T18:45:49.000Z,Credit reporting or other personal consumer reports,Credit reporting,Problem with a company's investigation into an existing problem,Their investigation did not fix an error on your report,Klarna AB,(not available in CFPB extract — code from issue/sub_issue),,,
20143275,2026-03-10T21:07:13.000Z,Credit reporting or other personal consumer reports,Credit reporting,Problem with fraud alerts or security freezes,,"Perpay, Inc.",(not available in CFPB extract — code from issue/sub_issue),,,
19514571,2026-02-15T17:10:20.000Z,Credit reporting or other personal consumer reports,Credit reporting,Problem with a company's investigation into an existing problem,Problem with personal statement of dispute,"Affirm Holdings, Inc",(not available in CFPB extract — code from issue/sub_issue),,,
5366883,2022-03-25T16:26:24.000Z,"Credit reporting, credit repair services, or other personal consumer reports",Credit reporting,Incorrect information on your report,Information belongs to someone else,Klarna AB,(not available in CFPB extract — code from issue/sub_issue),,,
10590894,2024-10-26T09:00:23.000Z,Credit reporting or other personal consumer reports,Credit reporting,Improper use of your report,Reporting company used your report improperly,"Affirm Holdings, Inc",(not available in CFPB extract — code from issue/sub_issue),,,
21841134,2026-05-04T04:05:27.000Z,Credit reporting or other personal consumer reports,Credit reporting,Incorrect information on your report,Information belongs to someone else,"Affirm Holdings, Inc",(not available in CFPB extract — code from issue/sub_issue),,,
21738331,2026-04-30T05:44:05.000Z,Credit reporting or other personal consumer reports,Credit reporting,Improper use of your report,Reporting company used your report improperly,"Affirm Holdings, Inc",(not available in CFPB extract — code from issue/sub_issue),,,
19311240,2026-02-06T18:31:28.000Z,Credit reporting or other personal consumer reports,Credit reporting,Incorrect information on your report,Account information incorrect,"Affirm Holdings, Inc",(not available in CFPB extract — code from issue/sub_issue),,,
11630859,2025-01-19T03:20:28.000Z,Credit reporting or other personal consumer reports,Credit reporting,Problem with a company's investigation into an existing problem,Their investigation did not fix an error on your report,"Affirm Holdings, Inc",(not available in CFPB extract — code from issue/sub_issue),,,
16499412,2025-10-10T19:09:39.000Z,Credit reporting or other personal consumer reports,Credit reporting,Incorrect information on your report,Account status incorrect,"Affirm Holdings, Inc",(not available in CFPB extract — code from issue/sub_issue),,,
11719476,2025-01-23T22:04:14.000Z,Credit reporting or other personal consumer reports,Credit reporting,Incorrect information on your report,Account status incorrect,"Affirm Holdings, Inc",(not available in CFPB extract — code from issue/sub_issue),,,
17161258,2025-11-11T22:28:04.000Z,Credit reporting or other personal consumer reports,Credit reporting,Problem with a company's investigation into an existing problem,Investigation took more than 30 days,Sezzle Inc.,(not available in CFPB extract — code from issue/sub_issue),,,
12788554,2025-04-02T18:36:18.000Z,Credit reporting or other personal consumer reports,Credit reporting,Incorrect information on your report,Account status incorrect,"Affirm Holdings, Inc",(not available in CFPB extract — code from issue/sub_issue),,,
21184969,2026-04-13T13:55:22.000Z,Credit reporting or other personal consumer reports,Credit reporting,Incorrect information on your report,Account status incorrect,Klarna AB,(not available in CFPB extract — code from issue/sub_issue),,,
21837954,2026-05-03T21:11:21.000Z,Credit reporting or other personal consumer reports,Credit reporting,Incorrect information on your report,Account information incorrect,"Affirm Holdings, Inc",(not available in CFPB extract — code from issue/sub_issue),,,
6251846,2022-11-28T21:27:54.000Z,"Credit reporting, credit repair services, or other personal consumer reports",Credit reporting,Incorrect information on your report,Information is missing that should be on the report,"Affirm Holdings, Inc",(not available in CFPB extract — code from issue/sub_issue),,,
8629514,2024-03-27T00:34:38.000Z,Credit reporting or other personal consumer reports,Credit reporting,Improper use of your report,Reporting company used your report improperly,"Affirm Holdings, Inc",(not available in CFPB extract — code from issue/sub_issue),,,
7768025,2023-10-27T20:04:08.000Z,Credit reporting or other personal consumer reports,Credit reporting,Improper use of your report,Reporting company used your report improperly,"Affirm Holdings, Inc",(not available in CFPB extract — code from issue/sub_issue),,,
20022131,2026-03-06T00:24:57.000Z,Credit reporting or other personal consumer reports,Credit reporting,Problem with a company's investigation into an existing problem,Their investigation did not fix an error on your report,"Affirm Holdings, Inc",(not available in CFPB extract — code from issue/sub_issue),,,
13903861,2025-06-05T04:05:10.000Z,Credit reporting or other personal consumer reports,Credit reporting,Problem with a company's investigation into an existing problem,Difficulty submitting a dispute or getting information about a dispute over the phone,"Affirm Holdings, Inc",(not available in CFPB extract — code from issue/sub_issue),,,
5832273,2022-08-01T17:07:41.000Z,"Credit reporting, credit repair services, or other personal consumer reports",Credit reporting,Incorrect information on your report,Account status incorrect,Sezzle Inc.,(not available in CFPB extract — code from issue/sub_issue),,,
22281498,2026-05-16T19:17:29.000Z,Credit reporting or other personal consumer reports,Credit reporting,Incorrect information on your report,Information belongs to someone else,"Affirm Holdings, Inc",(not available in CFPB extract — code from issue/sub_issue),,,
10361779,2024-10-07T02:44:44.000Z,Credit reporting or other personal consumer reports,Credit reporting,Improper use of your report,Reporting company used your report improperly,"Affirm Holdings, Inc",(not available in CFPB extract — code from issue/sub_issue),,,
5837168,2022-08-03T18:20:11.000Z,"Credit reporting, credit repair services, or other personal consumer reports",Credit reporting,Incorrect information on your report,Account status incorrect,"Affirm Holdings, Inc",(not available in CFPB extract — code from issue/sub_issue),,,
7358180,2023-08-07T03:39:20.000Z,"Credit reporting, credit repair services, or other personal consumer reports",Credit reporting,Problem with a credit reporting company's investigation into an existing problem,Their investigation did not fix an error on your report,"Affirm Holdings, Inc",(not available in CFPB extract — code from issue/sub_issue),,,
10259435,2024-09-26T18:33:01.000Z,Credit reporting or other personal consumer reports,Credit reporting,Incorrect information on your report,Information belongs to someone else,"Affirm Holdings, Inc",(not available in CFPB extract — code from issue/sub_issue),,,
11195484,2024-12-18T20:12:49.000Z,Credit reporting or other personal consumer reports,Credit reporting,Improper use of your report,Reporting company used your report improperly,"Affirm Holdings, Inc",(not available in CFPB extract — code from issue/sub_issue),,,
21174828,2026-04-12T21:52:21.000Z,Credit reporting or other personal consumer reports,Credit reporting,Incorrect information on your report,Information belongs to someone else,"Affirm Holdings, Inc",(not available in CFPB extract — code from issue/sub_issue),,,
23299269,2026-06-17T15:26:31.000Z,Credit reporting or other personal consumer reports,Credit reporting,Improper use of your report,Reporting company used your report improperly,"Affirm Holdings, Inc",(not available in CFPB extract — code from issue/sub_issue),,,
17032636,2025-11-05T17:42:52.000Z,Credit reporting or other personal consumer reports,Credit reporting,Incorrect information on your report,Account information incorrect,"Affirm Holdings, Inc",(not available in CFPB extract — code from issue/sub_issue),,,
9327735,2024-06-24T03:55:51.000Z,Credit reporting or other personal consumer reports,Credit reporting,Incorrect information on your report,Account status incorrect,"Affirm Holdings, Inc",(not available in CFPB extract — code from issue/sub_issue),,,
22144467,2026-05-13T02:52:58.000Z,Credit reporting or other personal consumer reports,Credit reporting,Problem with a company's investigation into an existing problem,Investigation took more than 30 days,"Affirm Holdings, Inc",(not available in CFPB extract — code from issue/sub_issue),,,
8939627,2024-05-07T01:00:22.000Z,Credit reporting or other personal consumer reports,Credit reporting,Problem with a company's investigation into an existing problem,Their investigation did not fix an error on your report,"Affirm Holdings, Inc",(not available in CFPB extract — code from issue/sub_issue),,,
5967866,2022-09-10T09:31:19.000Z,"Credit reporting, credit repair services, or other personal consumer reports",Credit reporting,Incorrect information on your report,Information belongs to someone else,"Affirm Holdings, Inc",(not available in CFPB extract — code from issue/sub_issue),,,
11729798,2025-01-26T03:26:41.000Z,Credit reporting or other personal consumer reports,Credit reporting,Incorrect information on your report,Account status incorrect,"Affirm Holdings, Inc",(not available in CFPB extract — code from issue/sub_issue),,,
18274852,2025-12-24T18:23:30.000Z,Credit reporting or other personal consumer reports,Credit reporting,Incorrect information on your report,Account status incorrect,"Affirm Holdings, Inc",(not available in CFPB extract — code from issue/sub_issue),,,
6640643,2023-03-02T23:48:34.000Z,"Credit reporting, credit repair services, or other personal consumer reports",Credit reporting,Incorrect information on your report,Information is missing that should be on the report,"Affirm Holdings, Inc",(not available in CFPB extract — code from issue/sub_issue),,,
10066352,2024-09-10T16:32:46.000Z,Credit reporting or other personal consumer reports,Credit reporting,Incorrect information on your report,Information belongs to someone else,"Affirm Holdings, Inc",(not available in CFPB extract — code from issue/sub_issue),,,
19545482,2026-02-17T02:49:57.000Z,Credit reporting or other personal consumer reports,Credit reporting,Problem with a company's investigation into an existing problem,Their investigation did not fix an error on your report,"Affirm Holdings, Inc",(not available in CFPB extract — code from issue/sub_issue),,,
19317856,2026-02-06T21:47:30.000Z,Credit reporting or other personal consumer reports,Credit reporting,Incorrect information on your report,Information belongs to someone else,Sezzle Inc.,(not available in CFPB extract — code from issue/sub_issue),,,
9211753,2024-06-10T04:33:18.000Z,Credit reporting or other personal consumer reports,Credit reporting,Problem with a company's investigation into an existing problem,Investigation took more than 30 days,"Affirm Holdings, Inc",(not available in CFPB extract — code from issue/sub_issue),,,
19163461,2026-02-01T05:11:31.000Z,Credit reporting or other personal consumer reports,Credit reporting,Incorrect information on your report,Information belongs to someone else,"Affirm Holdings, Inc",(not available in CFPB extract — code from issue/sub_issue),,,
8249340,2024-01-31T02:22:37.000Z,Credit reporting or other personal consumer reports,Credit reporting,Improper use of your report,Reporting company used your report improperly,"Affirm Holdings, Inc",(not available in CFPB extract — code from issue/sub_issue),,,
10457037,2024-10-15T22:43:08.000Z,Credit reporting or other personal consumer reports,Credit reporting,Improper use of your report,Reporting company used your report improperly,"Affirm Holdings, Inc",(not available in CFPB extract — code from issue/sub_issue),,,
16028512,2025-09-18T15:30:37.000Z,Credit reporting or other personal consumer reports,Credit reporting,Incorrect information on your report,Account information incorrect,"Affirm Holdings, Inc",(not available in CFPB extract — code from issue/sub_issue),,,
9999316,2024-09-03T21:57:34.000Z,Credit reporting or other personal consumer reports,Credit reporting,Problem with a company's investigation into an existing problem,Their investigation did not fix an error on your report,"Affirm Holdings, Inc",(not available in CFPB extract — code from issue/sub_issue),,,
12840770,2025-04-05T10:02:50.000Z,Credit reporting or other personal consumer reports,Credit reporting,Incorrect information on your report,Account status incorrect,"Affirm Holdings, Inc",(not available in CFPB extract — code from issue/sub_issue),,,
17770700,2025-12-05T14:32:24.000Z,Credit reporting or other personal consumer reports,Credit reporting,Incorrect information on your report,Account information incorrect,Sezzle Inc.,(not available in CFPB extract — code from issue/sub_issue),,,
14123123,2025-06-18T02:24:32.000Z,Credit reporting or other personal consumer reports,Credit reporting,Incorrect information on your report,Account status incorrect,"Affirm Holdings, Inc",(not available in CFPB extract — code from issue/sub_issue),,,
8842968,2024-04-23T13:14:50.000Z,Credit reporting or other personal consumer reports,Credit reporting,Problem with a company's investigation into an existing problem,Their investigation did not fix an error on your report,"Affirm Holdings, Inc",(not available in CFPB extract — code from issue/sub_issue),,,
18965553,2026-01-23T19:56:14.000Z,Credit reporting or other personal consumer reports,Credit reporting,Incorrect information on your report,Account information incorrect,"Affirm Holdings, Inc",(not available in CFPB extract — code from issue/sub_issue),,,
6359501,2022-12-24T17:08:33.000Z,"Credit reporting, credit repair services, or other personal consumer reports",Credit reporting,Improper use of your report,Reporting company used your report improperly,"Affirm Holdings, Inc",(not available in CFPB extract — code from issue/sub_issue),,,
21709236,2026-04-29T15:15:16.000Z,Credit reporting or other personal consumer reports,Credit reporting,Incorrect information on your report,Account information incorrect,"Affirm Holdings, Inc",(not available in CFPB extract — code from issue/sub_issue),,,
5925561,2022-08-28T17:23:57.000Z,"Credit reporting, credit repair services, or other personal consumer reports",Credit reporting,Improper use of your report,Credit inquiries on your report that you don't recognize,"Affirm Holdings, Inc",(not available in CFPB extract — code from issue/sub_issue),,,
8295686,2024-02-06T19:30:39.000Z,Credit reporting or other personal consumer reports,Credit reporting,Incorrect information on your report,Information belongs to someone else,"Affirm Holdings, Inc",(not available in CFPB extract — code from issue/sub_issue),,,
17967745,2025-11-27T12:55:09.000Z,Credit reporting or other personal consumer reports,Credit reporting,Improper use of your report,Reporting company used your report improperly,"Affirm Holdings, Inc",(not available in CFPB extract — code from issue/sub_issue),,,
22190518,2026-05-14T05:46:36.000Z,Credit reporting or other personal consumer reports,Credit reporting,Incorrect information on your report,Account status incorrect,"Affirm Holdings, Inc",(not available in CFPB extract — code from issue/sub_issue),,,
5640494,2022-06-07T02:32:41.000Z,"Credit reporting, credit repair services, or other personal consumer reports",Credit reporting,Improper use of your report,Reporting company used your report improperly,"Affirm Holdings, Inc",(not available in CFPB extract — code from issue/sub_issue),,,
14540670,2025-07-09T20:05:01.000Z,Credit reporting or other personal consumer reports,Credit reporting,Incorrect information on your report,Account information incorrect,"Affirm Holdings, Inc",(not available in CFPB extract — code from issue/sub_issue),,,
19757599,2026-02-24T23:41:20.000Z,Credit reporting or other personal consumer reports,Credit reporting,Improper use of your report,Reporting company used your report improperly,Sezzle Inc.,(not available in CFPB extract — code from issue/sub_issue),,,
