id,raw_chars,anon_chars,n_redactions,name_leak_raw,name_leak_anon,ok
2117524000007,6000,6000,0,0,0,True
3926324000013,3661,3661,0,0,0,True
162828024003863,6000,6002,1,0,0,True
158106824000007,6000,6005,3,1,0,True
107742824000040,2881,2881,0,0,0,True
81367224000034,6000,6006,2,2,0,True
95017024015090,6000,6000,0,0,0,True
143922224000035,6000,6008,4,0,0,True
167978824000022,6000,6000,0,0,0,True
172268424000006,6000,6018,9,5,0,True
95017024015988,6000,6022,32,21,0,True
120626424000050,6000,6002,1,0,0,True
35254124000014,6000,6004,2,1,0,True
143774924004522,6000,5996,1,1,0,True
3478224000033,6000,6021,5,5,0,True
155837024001366,2582,2582,0,0,0,True
104625724000005,6000,6004,2,0,0,True
87401524000116,1846,1846,0,0,0,True
143774924005040,6000,6000,0,0,0,True
89512624000013,2658,2658,0,0,0,True
160649824000018,6000,6000,0,0,0,True
167770324000037,6000,6006,2,0,0,True
95017024018007,3055,3055,0,0,0,True
162828024006375,6000,6000,0,0,0,True
104350924000022,1563,1563,0,0,0,True
162828024006382,6000,6008,2,1,0,True
149269124000015,5856,5880,8,5,0,True
142368924000005,2252,2252,0,0,0,True
138490524000013,6000,6000,1,0,0,True
95017024018804,6000,5999,1,0,0,True
162828024006498,6000,6016,6,4,0,True
79894124000018,4152,4152,0,0,0,True
95017024019362,4003,4003,0,0,0,True
151737524000020,1932,1932,0,0,0,True
8281124000035,6000,6000,0,0,0,True
184606924000047,6000,6005,3,1,0,True
149229824000008,6000,6004,2,0,0,True
155279724000011,6000,6100,26,26,0,True
177151524000016,6000,6024,10,8,0,True
79923324000005,6000,6000,0,0,0,True
78516124000009,6000,6002,4,3,0,True
129894624000011,6000,6000,0,0,0,True
84263324000004,1703,1709,2,2,0,True
90910824000008,6000,5980,29,26,0,True
84986924000014,6000,6002,1,0,0,True
149315224008336,6000,6004,2,0,0,True
95017024023158,493,493,0,0,0,True
139681424000030,6000,6021,12,2,0,True
160064124000022,6000,6008,4,0,0,True
162828024008024,6000,6009,12,6,0,True
95017024023267,6000,6000,0,0,0,True
180507724000013,6000,6002,1,0,0,True
160154824000004,6000,6000,0,0,0,True
155837024002487,6000,6000,0,0,0,True
149315224008850,6000,6006,3,0,0,True
95017024026875,1955,1959,1,1,0,True
158034524000005,6000,6022,7,5,0,True
170968224000010,6000,6009,2,2,0,True
155837024002782,6000,6026,13,13,0,True
119573424000022,6000,6005,3,1,0,True
155837024002995,6000,6002,1,0,0,True
95017024030872,2609,2609,0,0,0,True
162828024010682,6000,6000,0,0,0,True
168024724000051,6000,6012,6,0,0,True
162828024011246,6000,6007,4,1,0,True
95017024031494,6000,6010,2,0,0,True
121390024022351,6000,5997,11,8,0,True
155837024003196,6000,6004,2,0,0,True
95017024031497,6000,6012,6,0,0,True
155837024003436,6000,6001,1,1,0,True
155837024003435,51,51,0,0,0,False
182893724000024,2905,2907,1,0,0,True
143774924008711,6000,5999,1,0,0,True
143774924008626,6000,6000,0,0,0,True
155837024003706,2189,2189,0,0,0,True
95017024034730,6000,6010,5,0,0,True
155837024003782,6000,6014,7,0,0,True
162828024012734,6000,6017,4,3,0,True
158370824000016,6000,6000,0,0,0,True
95017024036814,6000,6006,3,0,0,True
157587224000295,6000,5997,7,3,0,True
95017024038046,2091,2091,0,0,0,True
149315224011630,6000,6005,4,0,0,True
143774924010066,6000,6010,7,4,0,True
155837024004396,6000,6012,2,2,0,True
2891724000011,6000,6002,1,0,0,True
114036124016853,6000,6014,7,0,0,True
155837024004525,6000,6002,1,0,0,True
155837024004422,6000,6022,6,4,0,True
143774924010416,6000,6014,7,0,0,True
168316824002035,6000,6026,13,0,0,True
121390024031988,6000,6004,2,0,0,True
149315224014436,6000,6000,0,0,0,True
95017024043875,1785,1785,0,0,0,True
95017024044237,6000,6012,6,0,0,True
114036124026827,6000,5988,9,0,0,True
114036124027133,6000,6002,1,0,0,True
143774924020198,931,931,0,0,0,True
92480524000041,6000,6000,0,0,0,True
79461924000057,6000,6008,4,0,0,True
117184324003699,2697,2702,1,1,0,True
95017024087843,6000,6000,0,0,0,True
143774924024465,6000,6000,0,0,0,True
155479524000195,6000,6000,0,0,0,True
95017024099489,6000,6000,0,0,0,True
89541924000062,6000,6002,1,0,0,True
179478324000061,6000,6000,0,0,0,True
162828024051384,6000,6000,0,0,0,True
7233124000177,2683,2691,4,4,0,True
168316824009011,6000,6034,17,5,0,True
162828019002280,6000,6032,10,6,0,True
156459019010210,6000,6002,1,0,0,True
121390020003966,6000,6000,0,0,0,True
131525520000029,6000,6000,0,0,0,True
119312520072309,6000,6006,3,0,0,True
149315221000157,6000,6004,2,2,0,True
156459021004599,6000,6019,10,3,0,True
165415121000003,6000,6002,1,0,0,True
31815421000010,6000,5999,2,0,0,True
103526721000028,6000,6000,0,0,0,True
146785821000037,6000,6013,4,3,0,True
75136421000018,6000,6238,41,39,0,True
150043521000020,6000,6030,12,3,0,True
90616321000017,6000,6001,3,0,0,True
162828021002464,2749,2751,1,0,0,True
88933121000010,6000,6000,0,0,0,True
162828021002433,6000,6000,0,0,0,True
159653221000049,6000,6000,0,0,0,True
89662221000005,6000,6008,4,0,0,True
113777421000049,6000,6000,0,0,0,True
114036121005623,6000,6008,4,0,0,True
156459021007197,6000,6000,0,0,0,True
9157621000044,6000,6004,2,0,0,True
155837021001372,6000,6064,21,11,0,True
156459021007609,6000,6000,0,0,0,True
156459021007573,6000,6004,2,0,0,True
179098221000007,6000,6002,1,0,0,True
146715421000012,6000,6024,12,0,0,True
155837021001513,6000,6019,10,1,0,True
156459021008860,6000,6002,1,0,0,True
119312521055751,6000,6004,2,0,0,True
103405421000003,6000,6022,11,0,0,True
121254521000085,6000,6001,3,0,0,True
155837021001730,6000,6002,1,0,0,True
167846321000010,6000,6002,1,0,0,True
156459021008848,6000,6002,1,0,0,True
156459021008799,6000,6001,3,0,0,True
156459021008446,773,773,0,0,0,True
147733321000009,6000,6012,6,0,0,True
81979321000017,6000,6011,5,1,0,True
169903921000017,6000,6008,4,0,0,True
117184321001354,6000,6014,12,0,0,True
155837021001956,6000,6004,2,0,0,True
109428521000066,6000,6014,13,11,0,True
155837021001976,6000,6004,1,1,0,True
175283621000041,6000,6007,4,1,0,True
3521421000006,6000,6002,1,0,0,True
149315221005090,6000,6004,2,0,0,True
143774921004299,6000,6006,3,0,0,True
121390021012513,6000,6000,0,0,0,True
169442621000034,6000,6010,5,0,0,True
143774921004453,6000,6000,0,0,0,True
102265221000017,6000,6000,0,0,0,True
122075421000008,6000,6002,1,0,0,True
733221000016,6000,6038,19,0,0,True
162828021003727,6000,6010,5,0,0,True
88390221000012,6000,6002,7,0,0,True
161068221000024,6000,6000,0,0,0,True
143774921005111,6000,6050,9,8,0,True
156459021012084,6000,6002,1,0,0,True
156459021012063,6000,6000,0,0,0,True
156459021012491,6000,6016,8,0,0,True
165495421002627,6000,6004,2,0,0,True
155837021002943,6000,6015,6,4,0,True
156459021012614,6000,6008,4,0,0,True
123981921000027,6000,6002,1,0,0,True
156459021013158,6000,6000,0,0,0,True
117548321000005,6000,6031,8,8,0,True
90831121000024,6000,5990,4,0,0,True
155837021003089,6000,5980,12,11,0,True
156067221000010,6000,6003,2,2,0,True
155837021003250,6000,6011,6,0,0,True
76447821000024,6000,6004,2,0,0,True
149315221006648,6000,6014,7,1,0,True
143774921006901,6000,6008,4,0,0,True
162828021005489,6000,6009,3,3,0,True
143774921006940,6000,6000,0,0,0,True
156276221000134,6000,6000,0,0,0,True
119312521094619,6000,6004,2,0,0,True
157199621000007,6000,6002,1,0,0,True
156459021015962,6000,6008,4,0,0,True
119312521098128,6000,6005,4,0,0,True
168190321000012,4319,4319,0,0,0,True
143774921007524,6000,6010,5,0,0,True
155837021003681,6000,6010,5,0,0,True
155837021003776,6000,6000,0,0,0,True
175392621000080,3294,3290,4,0,0,True
165495421003659,6000,6002,1,0,0,True
156459021017062,1294,1294,0,0,0,True
143774921007868,6000,6009,7,0,0,True
155335021000257,6000,6000,0,0,0,True
119380521000465,209,209,0,0,0,True
126493121000037,6000,6006,3,0,0,True
149315221008578,6000,6020,10,0,0,True
155837021004258,6000,6022,9,4,0,True
121390021021548,6000,6002,1,0,0,True
144805621000025,6000,6004,2,0,0,True
82705421000106,6000,6002,2,1,0,True
168316821002707,6000,6004,2,0,0,True
156459021039550,6000,6000,2,1,0,True
157791621000009,6000,6040,20,3,0,True
118014521000032,6000,6018,9,0,0,True
156459021046108,6000,6000,0,0,0,True
162828021018059,6000,6006,3,0,0,True
119312521273623,6000,6004,2,0,0,True
1673221000103,6000,6002,1,0,0,True
110465921125343,6000,6000,0,0,0,True
149315221025444,6000,6000,0,0,0,True
162828021025047,6000,6008,2,2,0,True
4661921000085,6000,6008,2,2,0,True
