disasterNumber,femaDeclarationString,state,declarationType,declarationTitle,declarationDate,incidentBeginDate,fipsStateCode,fipsCountyCode,designatedArea,ihProgramDeclared,iaProgramDeclared,paProgramDeclared,hmProgramDeclared,event,landfall
4673,DR-4673-FL,FL,DR,HURRICANE IAN,2022-09-29T00:00:00.000Z,2022-09-23T00:00:00.000Z,12,000,Hollywood Indian Reservation,False,False,True,True,Ian,2022-09-28
4673,DR-4673-FL,FL,DR,HURRICANE IAN,2022-09-29T00:00:00.000Z,2022-09-23T00:00:00.000Z,12,000,Miccosukee Tribe of Indians of Florida,False,False,True,True,Ian,2022-09-28
4673,DR-4673-FL,FL,DR,HURRICANE IAN,2022-09-29T00:00:00.000Z,2022-09-23T00:00:00.000Z,12,001,Alachua (County),False,False,True,True,Ian,2022-09-28
4673,DR-4673-FL,FL,DR,HURRICANE IAN,2022-09-29T00:00:00.000Z,2022-09-23T00:00:00.000Z,12,003,Baker (County),False,False,True,True,Ian,2022-09-28
4673,DR-4673-FL,FL,DR,HURRICANE IAN,2022-09-29T00:00:00.000Z,2022-09-23T00:00:00.000Z,12,005,Bay (County),False,False,True,True,Ian,2022-09-28
4673,DR-4673-FL,FL,DR,HURRICANE IAN,2022-09-29T00:00:00.000Z,2022-09-23T00:00:00.000Z,12,007,Bradford (County),False,False,True,True,Ian,2022-09-28
4673,DR-4673-FL,FL,DR,HURRICANE IAN,2022-09-29T00:00:00.000Z,2022-09-23T00:00:00.000Z,12,009,Brevard (County),True,False,True,True,Ian,2022-09-28
4673,DR-4673-FL,FL,DR,HURRICANE IAN,2022-09-29T00:00:00.000Z,2022-09-23T00:00:00.000Z,12,011,Broward (County),False,False,True,True,Ian,2022-09-28
4673,DR-4673-FL,FL,DR,HURRICANE IAN,2022-09-29T00:00:00.000Z,2022-09-23T00:00:00.000Z,12,013,Calhoun (County),False,False,True,True,Ian,2022-09-28
4673,DR-4673-FL,FL,DR,HURRICANE IAN,2022-09-29T00:00:00.000Z,2022-09-23T00:00:00.000Z,12,015,Charlotte (County),True,False,True,True,Ian,2022-09-28
4673,DR-4673-FL,FL,DR,HURRICANE IAN,2022-09-29T00:00:00.000Z,2022-09-23T00:00:00.000Z,12,017,Citrus (County),False,False,True,True,Ian,2022-09-28
4673,DR-4673-FL,FL,DR,HURRICANE IAN,2022-09-29T00:00:00.000Z,2022-09-23T00:00:00.000Z,12,019,Clay (County),False,False,True,True,Ian,2022-09-28
4673,DR-4673-FL,FL,DR,HURRICANE IAN,2022-09-29T00:00:00.000Z,2022-09-23T00:00:00.000Z,12,021,Collier (County),True,False,True,True,Ian,2022-09-28
4673,DR-4673-FL,FL,DR,HURRICANE IAN,2022-09-29T00:00:00.000Z,2022-09-23T00:00:00.000Z,12,023,Columbia (County),False,False,True,True,Ian,2022-09-28
4673,DR-4673-FL,FL,DR,HURRICANE IAN,2022-09-29T00:00:00.000Z,2022-09-23T00:00:00.000Z,12,027,DeSoto (County),True,False,True,True,Ian,2022-09-28
4673,DR-4673-FL,FL,DR,HURRICANE IAN,2022-09-29T00:00:00.000Z,2022-09-23T00:00:00.000Z,12,029,Dixie (County),False,False,True,True,Ian,2022-09-28
4673,DR-4673-FL,FL,DR,HURRICANE IAN,2022-09-29T00:00:00.000Z,2022-09-23T00:00:00.000Z,12,031,Duval (County),False,False,True,True,Ian,2022-09-28
4673,DR-4673-FL,FL,DR,HURRICANE IAN,2022-09-29T00:00:00.000Z,2022-09-23T00:00:00.000Z,12,033,Escambia (County),False,False,True,True,Ian,2022-09-28
4673,DR-4673-FL,FL,DR,HURRICANE IAN,2022-09-29T00:00:00.000Z,2022-09-23T00:00:00.000Z,12,035,Flagler (County),True,False,True,True,Ian,2022-09-28
4673,DR-4673-FL,FL,DR,HURRICANE IAN,2022-09-29T00:00:00.000Z,2022-09-23T00:00:00.000Z,12,037,Franklin (County),False,False,True,True,Ian,2022-09-28
4673,DR-4673-FL,FL,DR,HURRICANE IAN,2022-09-29T00:00:00.000Z,2022-09-23T00:00:00.000Z,12,039,Gadsden (County),False,False,True,True,Ian,2022-09-28
4673,DR-4673-FL,FL,DR,HURRICANE IAN,2022-09-29T00:00:00.000Z,2022-09-23T00:00:00.000Z,12,041,Gilchrist (County),False,False,True,True,Ian,2022-09-28
4673,DR-4673-FL,FL,DR,HURRICANE IAN,2022-09-29T00:00:00.000Z,2022-09-23T00:00:00.000Z,12,043,Glades (County),True,False,True,True,Ian,2022-09-28
4673,DR-4673-FL,FL,DR,HURRICANE IAN,2022-09-29T00:00:00.000Z,2022-09-23T00:00:00.000Z,12,045,Gulf (County),False,False,True,True,Ian,2022-09-28
4673,DR-4673-FL,FL,DR,HURRICANE IAN,2022-09-29T00:00:00.000Z,2022-09-23T00:00:00.000Z,12,047,Hamilton (County),False,False,True,True,Ian,2022-09-28
4673,DR-4673-FL,FL,DR,HURRICANE IAN,2022-09-29T00:00:00.000Z,2022-09-23T00:00:00.000Z,12,049,Hardee (County),True,False,True,True,Ian,2022-09-28
4673,DR-4673-FL,FL,DR,HURRICANE IAN,2022-09-29T00:00:00.000Z,2022-09-23T00:00:00.000Z,12,051,Hendry (County),True,False,True,True,Ian,2022-09-28
4673,DR-4673-FL,FL,DR,HURRICANE IAN,2022-09-29T00:00:00.000Z,2022-09-23T00:00:00.000Z,12,053,Hernando (County),False,False,True,True,Ian,2022-09-28
4673,DR-4673-FL,FL,DR,HURRICANE IAN,2022-09-29T00:00:00.000Z,2022-09-23T00:00:00.000Z,12,055,Highlands (County),True,False,True,True,Ian,2022-09-28
4673,DR-4673-FL,FL,DR,HURRICANE IAN,2022-09-29T00:00:00.000Z,2022-09-23T00:00:00.000Z,12,057,Hillsborough (County),True,False,True,True,Ian,2022-09-28
4673,DR-4673-FL,FL,DR,HURRICANE IAN,2022-09-29T00:00:00.000Z,2022-09-23T00:00:00.000Z,12,059,Holmes (County),False,False,True,True,Ian,2022-09-28
4673,DR-4673-FL,FL,DR,HURRICANE IAN,2022-09-29T00:00:00.000Z,2022-09-23T00:00:00.000Z,12,061,Indian River (County),False,False,True,True,Ian,2022-09-28
4673,DR-4673-FL,FL,DR,HURRICANE IAN,2022-09-29T00:00:00.000Z,2022-09-23T00:00:00.000Z,12,063,Jackson (County),False,False,True,True,Ian,2022-09-28
4673,DR-4673-FL,FL,DR,HURRICANE IAN,2022-09-29T00:00:00.000Z,2022-09-23T00:00:00.000Z,12,065,Jefferson (County),False,False,True,True,Ian,2022-09-28
4673,DR-4673-FL,FL,DR,HURRICANE IAN,2022-09-29T00:00:00.000Z,2022-09-23T00:00:00.000Z,12,067,Lafayette (County),False,False,True,True,Ian,2022-09-28
4673,DR-4673-FL,FL,DR,HURRICANE IAN,2022-09-29T00:00:00.000Z,2022-09-23T00:00:00.000Z,12,069,Lake (County),True,False,True,True,Ian,2022-09-28
4673,DR-4673-FL,FL,DR,HURRICANE IAN,2022-09-29T00:00:00.000Z,2022-09-23T00:00:00.000Z,12,071,Lee (County),True,False,True,True,Ian,2022-09-28
4673,DR-4673-FL,FL,DR,HURRICANE IAN,2022-09-29T00:00:00.000Z,2022-09-23T00:00:00.000Z,12,073,Leon (County),False,False,True,True,Ian,2022-09-28
4673,DR-4673-FL,FL,DR,HURRICANE IAN,2022-09-29T00:00:00.000Z,2022-09-23T00:00:00.000Z,12,075,Levy (County),False,False,True,True,Ian,2022-09-28
4673,DR-4673-FL,FL,DR,HURRICANE IAN,2022-09-29T00:00:00.000Z,2022-09-23T00:00:00.000Z,12,077,Liberty (County),False,False,True,True,Ian,2022-09-28
4673,DR-4673-FL,FL,DR,HURRICANE IAN,2022-09-29T00:00:00.000Z,2022-09-23T00:00:00.000Z,12,079,Madison (County),False,False,True,True,Ian,2022-09-28
4673,DR-4673-FL,FL,DR,HURRICANE IAN,2022-09-29T00:00:00.000Z,2022-09-23T00:00:00.000Z,12,081,Manatee (County),True,False,True,True,Ian,2022-09-28
4673,DR-4673-FL,FL,DR,HURRICANE IAN,2022-09-29T00:00:00.000Z,2022-09-23T00:00:00.000Z,12,083,Marion (County),False,False,True,True,Ian,2022-09-28
4673,DR-4673-FL,FL,DR,HURRICANE IAN,2022-09-29T00:00:00.000Z,2022-09-23T00:00:00.000Z,12,085,Martin (County),False,False,True,True,Ian,2022-09-28
4673,DR-4673-FL,FL,DR,HURRICANE IAN,2022-09-29T00:00:00.000Z,2022-09-23T00:00:00.000Z,12,086,Miami-Dade (County),False,False,True,True,Ian,2022-09-28
4673,DR-4673-FL,FL,DR,HURRICANE IAN,2022-09-29T00:00:00.000Z,2022-09-23T00:00:00.000Z,12,087,Monroe (County),True,False,True,True,Ian,2022-09-28
4673,DR-4673-FL,FL,DR,HURRICANE IAN,2022-09-29T00:00:00.000Z,2022-09-23T00:00:00.000Z,12,089,Nassau (County),False,False,True,True,Ian,2022-09-28
4673,DR-4673-FL,FL,DR,HURRICANE IAN,2022-09-29T00:00:00.000Z,2022-09-23T00:00:00.000Z,12,091,Okaloosa (County),False,False,True,True,Ian,2022-09-28
4673,DR-4673-FL,FL,DR,HURRICANE IAN,2022-09-29T00:00:00.000Z,2022-09-23T00:00:00.000Z,12,093,Okeechobee (County),True,False,True,True,Ian,2022-09-28
4673,DR-4673-FL,FL,DR,HURRICANE IAN,2022-09-29T00:00:00.000Z,2022-09-23T00:00:00.000Z,12,095,Orange (County),True,False,True,True,Ian,2022-09-28
4673,DR-4673-FL,FL,DR,HURRICANE IAN,2022-09-29T00:00:00.000Z,2022-09-23T00:00:00.000Z,12,097,Osceola (County),True,False,True,True,Ian,2022-09-28
4673,DR-4673-FL,FL,DR,HURRICANE IAN,2022-09-29T00:00:00.000Z,2022-09-23T00:00:00.000Z,12,099,Palm Beach (County),True,False,True,True,Ian,2022-09-28
4673,DR-4673-FL,FL,DR,HURRICANE IAN,2022-09-29T00:00:00.000Z,2022-09-23T00:00:00.000Z,12,101,Pasco (County),True,False,True,True,Ian,2022-09-28
4673,DR-4673-FL,FL,DR,HURRICANE IAN,2022-09-29T00:00:00.000Z,2022-09-23T00:00:00.000Z,12,103,Pinellas (County),True,False,True,True,Ian,2022-09-28
4673,DR-4673-FL,FL,DR,HURRICANE IAN,2022-09-29T00:00:00.000Z,2022-09-23T00:00:00.000Z,12,105,Polk (County),True,False,True,True,Ian,2022-09-28
4673,DR-4673-FL,FL,DR,HURRICANE IAN,2022-09-29T00:00:00.000Z,2022-09-23T00:00:00.000Z,12,107,Putnam (County),True,False,True,True,Ian,2022-09-28
4673,DR-4673-FL,FL,DR,HURRICANE IAN,2022-09-29T00:00:00.000Z,2022-09-23T00:00:00.000Z,12,109,St. Johns (County),True,False,True,True,Ian,2022-09-28
4673,DR-4673-FL,FL,DR,HURRICANE IAN,2022-09-29T00:00:00.000Z,2022-09-23T00:00:00.000Z,12,111,St. Lucie (County),False,False,True,True,Ian,2022-09-28
4673,DR-4673-FL,FL,DR,HURRICANE IAN,2022-09-29T00:00:00.000Z,2022-09-23T00:00:00.000Z,12,113,Santa Rosa (County),False,False,True,True,Ian,2022-09-28
4673,DR-4673-FL,FL,DR,HURRICANE IAN,2022-09-29T00:00:00.000Z,2022-09-23T00:00:00.000Z,12,115,Sarasota (County),True,False,True,True,Ian,2022-09-28
4673,DR-4673-FL,FL,DR,HURRICANE IAN,2022-09-29T00:00:00.000Z,2022-09-23T00:00:00.000Z,12,117,Seminole (County),True,False,True,True,Ian,2022-09-28
4673,DR-4673-FL,FL,DR,HURRICANE IAN,2022-09-29T00:00:00.000Z,2022-09-23T00:00:00.000Z,12,119,Sumter (County),False,False,True,True,Ian,2022-09-28
4673,DR-4673-FL,FL,DR,HURRICANE IAN,2022-09-29T00:00:00.000Z,2022-09-23T00:00:00.000Z,12,121,Suwannee (County),False,False,True,True,Ian,2022-09-28
4673,DR-4673-FL,FL,DR,HURRICANE IAN,2022-09-29T00:00:00.000Z,2022-09-23T00:00:00.000Z,12,123,Taylor (County),False,False,True,True,Ian,2022-09-28
4673,DR-4673-FL,FL,DR,HURRICANE IAN,2022-09-29T00:00:00.000Z,2022-09-23T00:00:00.000Z,12,125,Union (County),False,False,True,True,Ian,2022-09-28
4673,DR-4673-FL,FL,DR,HURRICANE IAN,2022-09-29T00:00:00.000Z,2022-09-23T00:00:00.000Z,12,127,Volusia (County),True,False,True,True,Ian,2022-09-28
4673,DR-4673-FL,FL,DR,HURRICANE IAN,2022-09-29T00:00:00.000Z,2022-09-23T00:00:00.000Z,12,129,Wakulla (County),False,False,True,True,Ian,2022-09-28
4673,DR-4673-FL,FL,DR,HURRICANE IAN,2022-09-29T00:00:00.000Z,2022-09-23T00:00:00.000Z,12,131,Walton (County),False,False,True,True,Ian,2022-09-28
4673,DR-4673-FL,FL,DR,HURRICANE IAN,2022-09-29T00:00:00.000Z,2022-09-23T00:00:00.000Z,12,133,Washington (County),False,False,True,True,Ian,2022-09-28
4677,DR-4677-SC,SC,DR,HURRICANE IAN,2022-11-21T00:00:00.000Z,2022-09-25T00:00:00.000Z,45,001,Abbeville (County),False,False,True,True,Ian,2022-09-28
4677,DR-4677-SC,SC,DR,HURRICANE IAN,2022-11-21T00:00:00.000Z,2022-09-25T00:00:00.000Z,45,003,Aiken (County),False,False,True,True,Ian,2022-09-28
4677,DR-4677-SC,SC,DR,HURRICANE IAN,2022-11-21T00:00:00.000Z,2022-09-25T00:00:00.000Z,45,005,Allendale (County),False,False,True,True,Ian,2022-09-28
4677,DR-4677-SC,SC,DR,HURRICANE IAN,2022-11-21T00:00:00.000Z,2022-09-25T00:00:00.000Z,45,007,Anderson (County),False,False,True,True,Ian,2022-09-28
4677,DR-4677-SC,SC,DR,HURRICANE IAN,2022-11-21T00:00:00.000Z,2022-09-25T00:00:00.000Z,45,009,Bamberg (County),False,False,True,True,Ian,2022-09-28
4677,DR-4677-SC,SC,DR,HURRICANE IAN,2022-11-21T00:00:00.000Z,2022-09-25T00:00:00.000Z,45,011,Barnwell (County),False,False,True,True,Ian,2022-09-28
4677,DR-4677-SC,SC,DR,HURRICANE IAN,2022-11-21T00:00:00.000Z,2022-09-25T00:00:00.000Z,45,013,Beaufort (County),False,False,True,True,Ian,2022-09-28
4677,DR-4677-SC,SC,DR,HURRICANE IAN,2022-11-21T00:00:00.000Z,2022-09-25T00:00:00.000Z,45,015,Berkeley (County),False,False,True,True,Ian,2022-09-28
4677,DR-4677-SC,SC,DR,HURRICANE IAN,2022-11-21T00:00:00.000Z,2022-09-25T00:00:00.000Z,45,017,Calhoun (County),False,False,True,True,Ian,2022-09-28
4677,DR-4677-SC,SC,DR,HURRICANE IAN,2022-11-21T00:00:00.000Z,2022-09-25T00:00:00.000Z,45,019,Charleston (County),True,False,True,True,Ian,2022-09-28
4677,DR-4677-SC,SC,DR,HURRICANE IAN,2022-11-21T00:00:00.000Z,2022-09-25T00:00:00.000Z,45,021,Cherokee (County),False,False,True,True,Ian,2022-09-28
4677,DR-4677-SC,SC,DR,HURRICANE IAN,2022-11-21T00:00:00.000Z,2022-09-25T00:00:00.000Z,45,023,Chester (County),False,False,True,True,Ian,2022-09-28
4677,DR-4677-SC,SC,DR,HURRICANE IAN,2022-11-21T00:00:00.000Z,2022-09-25T00:00:00.000Z,45,025,Chesterfield (County),False,False,True,True,Ian,2022-09-28
4677,DR-4677-SC,SC,DR,HURRICANE IAN,2022-11-21T00:00:00.000Z,2022-09-25T00:00:00.000Z,45,027,Clarendon (County),False,False,True,True,Ian,2022-09-28
4677,DR-4677-SC,SC,DR,HURRICANE IAN,2022-11-21T00:00:00.000Z,2022-09-25T00:00:00.000Z,45,029,Colleton (County),False,False,True,True,Ian,2022-09-28
4677,DR-4677-SC,SC,DR,HURRICANE IAN,2022-11-21T00:00:00.000Z,2022-09-25T00:00:00.000Z,45,031,Darlington (County),False,False,True,True,Ian,2022-09-28
4677,DR-4677-SC,SC,DR,HURRICANE IAN,2022-11-21T00:00:00.000Z,2022-09-25T00:00:00.000Z,45,033,Dillon (County),False,False,True,True,Ian,2022-09-28
4677,DR-4677-SC,SC,DR,HURRICANE IAN,2022-11-21T00:00:00.000Z,2022-09-25T00:00:00.000Z,45,035,Dorchester (County),False,False,True,True,Ian,2022-09-28
4677,DR-4677-SC,SC,DR,HURRICANE IAN,2022-11-21T00:00:00.000Z,2022-09-25T00:00:00.000Z,45,037,Edgefield (County),False,False,True,True,Ian,2022-09-28
4677,DR-4677-SC,SC,DR,HURRICANE IAN,2022-11-21T00:00:00.000Z,2022-09-25T00:00:00.000Z,45,039,Fairfield (County),False,False,True,True,Ian,2022-09-28
4677,DR-4677-SC,SC,DR,HURRICANE IAN,2022-11-21T00:00:00.000Z,2022-09-25T00:00:00.000Z,45,041,Florence (County),False,False,True,True,Ian,2022-09-28
4677,DR-4677-SC,SC,DR,HURRICANE IAN,2022-11-21T00:00:00.000Z,2022-09-25T00:00:00.000Z,45,043,Georgetown (County),True,False,True,True,Ian,2022-09-28
4677,DR-4677-SC,SC,DR,HURRICANE IAN,2022-11-21T00:00:00.000Z,2022-09-25T00:00:00.000Z,45,045,Greenville (County),False,False,True,True,Ian,2022-09-28
4677,DR-4677-SC,SC,DR,HURRICANE IAN,2022-11-21T00:00:00.000Z,2022-09-25T00:00:00.000Z,45,047,Greenwood (County),False,False,True,True,Ian,2022-09-28
4677,DR-4677-SC,SC,DR,HURRICANE IAN,2022-11-21T00:00:00.000Z,2022-09-25T00:00:00.000Z,45,049,Hampton (County),False,False,True,True,Ian,2022-09-28
4677,DR-4677-SC,SC,DR,HURRICANE IAN,2022-11-21T00:00:00.000Z,2022-09-25T00:00:00.000Z,45,051,Horry (County),True,False,True,True,Ian,2022-09-28
4677,DR-4677-SC,SC,DR,HURRICANE IAN,2022-11-21T00:00:00.000Z,2022-09-25T00:00:00.000Z,45,053,Jasper (County),False,False,True,True,Ian,2022-09-28
4677,DR-4677-SC,SC,DR,HURRICANE IAN,2022-11-21T00:00:00.000Z,2022-09-25T00:00:00.000Z,45,055,Kershaw (County),False,False,True,True,Ian,2022-09-28
4677,DR-4677-SC,SC,DR,HURRICANE IAN,2022-11-21T00:00:00.000Z,2022-09-25T00:00:00.000Z,45,057,Lancaster (County),False,False,True,True,Ian,2022-09-28
4677,DR-4677-SC,SC,DR,HURRICANE IAN,2022-11-21T00:00:00.000Z,2022-09-25T00:00:00.000Z,45,059,Laurens (County),False,False,True,True,Ian,2022-09-28
4677,DR-4677-SC,SC,DR,HURRICANE IAN,2022-11-21T00:00:00.000Z,2022-09-25T00:00:00.000Z,45,061,Lee (County),False,False,True,True,Ian,2022-09-28
4677,DR-4677-SC,SC,DR,HURRICANE IAN,2022-11-21T00:00:00.000Z,2022-09-25T00:00:00.000Z,45,063,Lexington (County),False,False,True,True,Ian,2022-09-28
4677,DR-4677-SC,SC,DR,HURRICANE IAN,2022-11-21T00:00:00.000Z,2022-09-25T00:00:00.000Z,45,065,McCormick (County),False,False,True,True,Ian,2022-09-28
4677,DR-4677-SC,SC,DR,HURRICANE IAN,2022-11-21T00:00:00.000Z,2022-09-25T00:00:00.000Z,45,067,Marion (County),False,False,True,True,Ian,2022-09-28
4677,DR-4677-SC,SC,DR,HURRICANE IAN,2022-11-21T00:00:00.000Z,2022-09-25T00:00:00.000Z,45,069,Marlboro (County),False,False,True,True,Ian,2022-09-28
4677,DR-4677-SC,SC,DR,HURRICANE IAN,2022-11-21T00:00:00.000Z,2022-09-25T00:00:00.000Z,45,071,Newberry (County),False,False,True,True,Ian,2022-09-28
4677,DR-4677-SC,SC,DR,HURRICANE IAN,2022-11-21T00:00:00.000Z,2022-09-25T00:00:00.000Z,45,073,Oconee (County),False,False,True,True,Ian,2022-09-28
4677,DR-4677-SC,SC,DR,HURRICANE IAN,2022-11-21T00:00:00.000Z,2022-09-25T00:00:00.000Z,45,075,Orangeburg (County),False,False,True,True,Ian,2022-09-28
4677,DR-4677-SC,SC,DR,HURRICANE IAN,2022-11-21T00:00:00.000Z,2022-09-25T00:00:00.000Z,45,077,Pickens (County),False,False,True,True,Ian,2022-09-28
4677,DR-4677-SC,SC,DR,HURRICANE IAN,2022-11-21T00:00:00.000Z,2022-09-25T00:00:00.000Z,45,079,Richland (County),False,False,True,True,Ian,2022-09-28
4677,DR-4677-SC,SC,DR,HURRICANE IAN,2022-11-21T00:00:00.000Z,2022-09-25T00:00:00.000Z,45,081,Saluda (County),False,False,True,True,Ian,2022-09-28
4677,DR-4677-SC,SC,DR,HURRICANE IAN,2022-11-21T00:00:00.000Z,2022-09-25T00:00:00.000Z,45,083,Spartanburg (County),False,False,True,True,Ian,2022-09-28
4677,DR-4677-SC,SC,DR,HURRICANE IAN,2022-11-21T00:00:00.000Z,2022-09-25T00:00:00.000Z,45,085,Sumter (County),False,False,True,True,Ian,2022-09-28
4677,DR-4677-SC,SC,DR,HURRICANE IAN,2022-11-21T00:00:00.000Z,2022-09-25T00:00:00.000Z,45,087,Union (County),False,False,True,True,Ian,2022-09-28
4677,DR-4677-SC,SC,DR,HURRICANE IAN,2022-11-21T00:00:00.000Z,2022-09-25T00:00:00.000Z,45,089,Williamsburg (County),False,False,True,True,Ian,2022-09-28
4677,DR-4677-SC,SC,DR,HURRICANE IAN,2022-11-21T00:00:00.000Z,2022-09-25T00:00:00.000Z,45,091,York (County),False,False,True,True,Ian,2022-09-28
4827,DR-4827-NC,NC,DR,TROPICAL STORM HELENE,2024-09-28T00:00:00.000Z,2024-09-25T00:00:00.000Z,37,000,Eastern Band of Cherokee Indians,True,False,True,True,Helene,2024-09-26
4827,DR-4827-NC,NC,DR,TROPICAL STORM HELENE,2024-09-28T00:00:00.000Z,2024-09-25T00:00:00.000Z,37,003,Alexander (County),True,False,True,True,Helene,2024-09-26
4827,DR-4827-NC,NC,DR,TROPICAL STORM HELENE,2024-09-28T00:00:00.000Z,2024-09-25T00:00:00.000Z,37,005,Alleghany (County),True,False,True,True,Helene,2024-09-26
4827,DR-4827-NC,NC,DR,TROPICAL STORM HELENE,2024-09-28T00:00:00.000Z,2024-09-25T00:00:00.000Z,37,009,Ashe (County),True,False,True,True,Helene,2024-09-26
4827,DR-4827-NC,NC,DR,TROPICAL STORM HELENE,2024-09-28T00:00:00.000Z,2024-09-25T00:00:00.000Z,37,011,Avery (County),True,False,True,True,Helene,2024-09-26
4827,DR-4827-NC,NC,DR,TROPICAL STORM HELENE,2024-09-28T00:00:00.000Z,2024-09-25T00:00:00.000Z,37,021,Buncombe (County),True,False,True,True,Helene,2024-09-26
4827,DR-4827-NC,NC,DR,TROPICAL STORM HELENE,2024-09-28T00:00:00.000Z,2024-09-25T00:00:00.000Z,37,023,Burke (County),True,False,True,True,Helene,2024-09-26
4827,DR-4827-NC,NC,DR,TROPICAL STORM HELENE,2024-09-28T00:00:00.000Z,2024-09-25T00:00:00.000Z,37,025,Cabarrus (County),True,False,True,True,Helene,2024-09-26
4827,DR-4827-NC,NC,DR,TROPICAL STORM HELENE,2024-09-28T00:00:00.000Z,2024-09-25T00:00:00.000Z,37,027,Caldwell (County),True,False,True,True,Helene,2024-09-26
4827,DR-4827-NC,NC,DR,TROPICAL STORM HELENE,2024-09-28T00:00:00.000Z,2024-09-25T00:00:00.000Z,37,035,Catawba (County),True,False,True,True,Helene,2024-09-26
4827,DR-4827-NC,NC,DR,TROPICAL STORM HELENE,2024-09-28T00:00:00.000Z,2024-09-25T00:00:00.000Z,37,039,Cherokee (County),True,False,True,True,Helene,2024-09-26
4827,DR-4827-NC,NC,DR,TROPICAL STORM HELENE,2024-09-28T00:00:00.000Z,2024-09-25T00:00:00.000Z,37,043,Clay (County),True,False,True,True,Helene,2024-09-26
4827,DR-4827-NC,NC,DR,TROPICAL STORM HELENE,2024-09-28T00:00:00.000Z,2024-09-25T00:00:00.000Z,37,045,Cleveland (County),True,False,True,True,Helene,2024-09-26
4827,DR-4827-NC,NC,DR,TROPICAL STORM HELENE,2024-09-28T00:00:00.000Z,2024-09-25T00:00:00.000Z,37,067,Forsyth (County),True,False,True,True,Helene,2024-09-26
4827,DR-4827-NC,NC,DR,TROPICAL STORM HELENE,2024-09-28T00:00:00.000Z,2024-09-25T00:00:00.000Z,37,071,Gaston (County),True,False,True,True,Helene,2024-09-26
4827,DR-4827-NC,NC,DR,TROPICAL STORM HELENE,2024-09-28T00:00:00.000Z,2024-09-25T00:00:00.000Z,37,075,Graham (County),True,False,True,True,Helene,2024-09-26
4827,DR-4827-NC,NC,DR,TROPICAL STORM HELENE,2024-09-28T00:00:00.000Z,2024-09-25T00:00:00.000Z,37,087,Haywood (County),True,False,True,True,Helene,2024-09-26
4827,DR-4827-NC,NC,DR,TROPICAL STORM HELENE,2024-09-28T00:00:00.000Z,2024-09-25T00:00:00.000Z,37,089,Henderson (County),True,False,True,True,Helene,2024-09-26
4827,DR-4827-NC,NC,DR,TROPICAL STORM HELENE,2024-09-28T00:00:00.000Z,2024-09-25T00:00:00.000Z,37,097,Iredell (County),True,False,True,True,Helene,2024-09-26
4827,DR-4827-NC,NC,DR,TROPICAL STORM HELENE,2024-09-28T00:00:00.000Z,2024-09-25T00:00:00.000Z,37,099,Jackson (County),True,False,True,True,Helene,2024-09-26
4827,DR-4827-NC,NC,DR,TROPICAL STORM HELENE,2024-09-28T00:00:00.000Z,2024-09-25T00:00:00.000Z,37,105,Lee (County),True,False,True,True,Helene,2024-09-26
4827,DR-4827-NC,NC,DR,TROPICAL STORM HELENE,2024-09-28T00:00:00.000Z,2024-09-25T00:00:00.000Z,37,109,Lincoln (County),True,False,True,True,Helene,2024-09-26
4827,DR-4827-NC,NC,DR,TROPICAL STORM HELENE,2024-09-28T00:00:00.000Z,2024-09-25T00:00:00.000Z,37,111,McDowell (County),True,False,True,True,Helene,2024-09-26
4827,DR-4827-NC,NC,DR,TROPICAL STORM HELENE,2024-09-28T00:00:00.000Z,2024-09-25T00:00:00.000Z,37,113,Macon (County),True,False,True,True,Helene,2024-09-26
4827,DR-4827-NC,NC,DR,TROPICAL STORM HELENE,2024-09-28T00:00:00.000Z,2024-09-25T00:00:00.000Z,37,115,Madison (County),True,False,True,True,Helene,2024-09-26
4827,DR-4827-NC,NC,DR,TROPICAL STORM HELENE,2024-09-28T00:00:00.000Z,2024-09-25T00:00:00.000Z,37,119,Mecklenburg (County),True,False,True,True,Helene,2024-09-26
4827,DR-4827-NC,NC,DR,TROPICAL STORM HELENE,2024-09-28T00:00:00.000Z,2024-09-25T00:00:00.000Z,37,121,Mitchell (County),True,False,True,True,Helene,2024-09-26
4827,DR-4827-NC,NC,DR,TROPICAL STORM HELENE,2024-09-28T00:00:00.000Z,2024-09-25T00:00:00.000Z,37,127,Nash (County),True,False,True,True,Helene,2024-09-26
4827,DR-4827-NC,NC,DR,TROPICAL STORM HELENE,2024-09-28T00:00:00.000Z,2024-09-25T00:00:00.000Z,37,149,Polk (County),True,False,True,True,Helene,2024-09-26
4827,DR-4827-NC,NC,DR,TROPICAL STORM HELENE,2024-09-28T00:00:00.000Z,2024-09-25T00:00:00.000Z,37,159,Rowan (County),True,False,True,True,Helene,2024-09-26
4827,DR-4827-NC,NC,DR,TROPICAL STORM HELENE,2024-09-28T00:00:00.000Z,2024-09-25T00:00:00.000Z,37,161,Rutherford (County),True,False,True,True,Helene,2024-09-26
4827,DR-4827-NC,NC,DR,TROPICAL STORM HELENE,2024-09-28T00:00:00.000Z,2024-09-25T00:00:00.000Z,37,167,Stanly (County),True,False,True,True,Helene,2024-09-26
4827,DR-4827-NC,NC,DR,TROPICAL STORM HELENE,2024-09-28T00:00:00.000Z,2024-09-25T00:00:00.000Z,37,171,Surry (County),True,False,True,True,Helene,2024-09-26
4827,DR-4827-NC,NC,DR,TROPICAL STORM HELENE,2024-09-28T00:00:00.000Z,2024-09-25T00:00:00.000Z,37,173,Swain (County),True,False,True,True,Helene,2024-09-26
4827,DR-4827-NC,NC,DR,TROPICAL STORM HELENE,2024-09-28T00:00:00.000Z,2024-09-25T00:00:00.000Z,37,175,Transylvania (County),True,False,True,True,Helene,2024-09-26
4827,DR-4827-NC,NC,DR,TROPICAL STORM HELENE,2024-09-28T00:00:00.000Z,2024-09-25T00:00:00.000Z,37,179,Union (County),True,False,True,True,Helene,2024-09-26
4827,DR-4827-NC,NC,DR,TROPICAL STORM HELENE,2024-09-28T00:00:00.000Z,2024-09-25T00:00:00.000Z,37,189,Watauga (County),True,False,True,True,Helene,2024-09-26
4827,DR-4827-NC,NC,DR,TROPICAL STORM HELENE,2024-09-28T00:00:00.000Z,2024-09-25T00:00:00.000Z,37,193,Wilkes (County),True,False,True,True,Helene,2024-09-26
4827,DR-4827-NC,NC,DR,TROPICAL STORM HELENE,2024-09-28T00:00:00.000Z,2024-09-25T00:00:00.000Z,37,197,Yadkin (County),True,False,True,True,Helene,2024-09-26
4827,DR-4827-NC,NC,DR,TROPICAL STORM HELENE,2024-09-28T00:00:00.000Z,2024-09-25T00:00:00.000Z,37,199,Yancey (County),True,False,True,True,Helene,2024-09-26
4828,DR-4828-FL,FL,DR,HURRICANE HELENE,2024-09-28T00:00:00.000Z,2024-09-23T00:00:00.000Z,12,001,Alachua (County),True,False,True,True,Helene,2024-09-26
4828,DR-4828-FL,FL,DR,HURRICANE HELENE,2024-09-28T00:00:00.000Z,2024-09-23T00:00:00.000Z,12,003,Baker (County),True,False,True,True,Helene,2024-09-26
4828,DR-4828-FL,FL,DR,HURRICANE HELENE,2024-09-28T00:00:00.000Z,2024-09-23T00:00:00.000Z,12,005,Bay (County),False,False,True,True,Helene,2024-09-26
4828,DR-4828-FL,FL,DR,HURRICANE HELENE,2024-09-28T00:00:00.000Z,2024-09-23T00:00:00.000Z,12,007,Bradford (County),True,False,True,True,Helene,2024-09-26
4828,DR-4828-FL,FL,DR,HURRICANE HELENE,2024-09-28T00:00:00.000Z,2024-09-23T00:00:00.000Z,12,013,Calhoun (County),False,False,True,True,Helene,2024-09-26
4828,DR-4828-FL,FL,DR,HURRICANE HELENE,2024-09-28T00:00:00.000Z,2024-09-23T00:00:00.000Z,12,015,Charlotte (County),True,False,True,True,Helene,2024-09-26
4828,DR-4828-FL,FL,DR,HURRICANE HELENE,2024-09-28T00:00:00.000Z,2024-09-23T00:00:00.000Z,12,017,Citrus (County),True,False,True,True,Helene,2024-09-26
4828,DR-4828-FL,FL,DR,HURRICANE HELENE,2024-09-28T00:00:00.000Z,2024-09-23T00:00:00.000Z,12,019,Clay (County),False,False,True,True,Helene,2024-09-26
4828,DR-4828-FL,FL,DR,HURRICANE HELENE,2024-09-28T00:00:00.000Z,2024-09-23T00:00:00.000Z,12,021,Collier (County),True,False,True,True,Helene,2024-09-26
4828,DR-4828-FL,FL,DR,HURRICANE HELENE,2024-09-28T00:00:00.000Z,2024-09-23T00:00:00.000Z,12,023,Columbia (County),True,False,True,True,Helene,2024-09-26
4828,DR-4828-FL,FL,DR,HURRICANE HELENE,2024-09-28T00:00:00.000Z,2024-09-23T00:00:00.000Z,12,027,DeSoto (County),True,False,False,True,Helene,2024-09-26
4828,DR-4828-FL,FL,DR,HURRICANE HELENE,2024-09-28T00:00:00.000Z,2024-09-23T00:00:00.000Z,12,029,Dixie (County),True,False,True,True,Helene,2024-09-26
4828,DR-4828-FL,FL,DR,HURRICANE HELENE,2024-09-28T00:00:00.000Z,2024-09-23T00:00:00.000Z,12,031,Duval (County),True,False,True,True,Helene,2024-09-26
4828,DR-4828-FL,FL,DR,HURRICANE HELENE,2024-09-28T00:00:00.000Z,2024-09-23T00:00:00.000Z,12,033,Escambia (County),False,False,True,True,Helene,2024-09-26
4828,DR-4828-FL,FL,DR,HURRICANE HELENE,2024-09-28T00:00:00.000Z,2024-09-23T00:00:00.000Z,12,037,Franklin (County),True,False,True,True,Helene,2024-09-26
4828,DR-4828-FL,FL,DR,HURRICANE HELENE,2024-09-28T00:00:00.000Z,2024-09-23T00:00:00.000Z,12,039,Gadsden (County),False,False,True,True,Helene,2024-09-26
4828,DR-4828-FL,FL,DR,HURRICANE HELENE,2024-09-28T00:00:00.000Z,2024-09-23T00:00:00.000Z,12,041,Gilchrist (County),True,False,True,True,Helene,2024-09-26
4828,DR-4828-FL,FL,DR,HURRICANE HELENE,2024-09-28T00:00:00.000Z,2024-09-23T00:00:00.000Z,12,045,Gulf (County),True,False,True,True,Helene,2024-09-26
4828,DR-4828-FL,FL,DR,HURRICANE HELENE,2024-09-28T00:00:00.000Z,2024-09-23T00:00:00.000Z,12,047,Hamilton (County),True,False,True,True,Helene,2024-09-26
4828,DR-4828-FL,FL,DR,HURRICANE HELENE,2024-09-28T00:00:00.000Z,2024-09-23T00:00:00.000Z,12,053,Hernando (County),True,False,True,True,Helene,2024-09-26
4828,DR-4828-FL,FL,DR,HURRICANE HELENE,2024-09-28T00:00:00.000Z,2024-09-23T00:00:00.000Z,12,057,Hillsborough (County),True,False,True,True,Helene,2024-09-26
4828,DR-4828-FL,FL,DR,HURRICANE HELENE,2024-09-28T00:00:00.000Z,2024-09-23T00:00:00.000Z,12,059,Holmes (County),False,False,True,True,Helene,2024-09-26
4828,DR-4828-FL,FL,DR,HURRICANE HELENE,2024-09-28T00:00:00.000Z,2024-09-23T00:00:00.000Z,12,063,Jackson (County),False,False,True,True,Helene,2024-09-26
4828,DR-4828-FL,FL,DR,HURRICANE HELENE,2024-09-28T00:00:00.000Z,2024-09-23T00:00:00.000Z,12,065,Jefferson (County),True,False,True,True,Helene,2024-09-26
4828,DR-4828-FL,FL,DR,HURRICANE HELENE,2024-09-28T00:00:00.000Z,2024-09-23T00:00:00.000Z,12,067,Lafayette (County),True,False,True,True,Helene,2024-09-26
4828,DR-4828-FL,FL,DR,HURRICANE HELENE,2024-09-28T00:00:00.000Z,2024-09-23T00:00:00.000Z,12,071,Lee (County),True,False,True,True,Helene,2024-09-26
4828,DR-4828-FL,FL,DR,HURRICANE HELENE,2024-09-28T00:00:00.000Z,2024-09-23T00:00:00.000Z,12,073,Leon (County),True,False,True,True,Helene,2024-09-26
4828,DR-4828-FL,FL,DR,HURRICANE HELENE,2024-09-28T00:00:00.000Z,2024-09-23T00:00:00.000Z,12,075,Levy (County),True,False,True,True,Helene,2024-09-26
4828,DR-4828-FL,FL,DR,HURRICANE HELENE,2024-09-28T00:00:00.000Z,2024-09-23T00:00:00.000Z,12,077,Liberty (County),False,False,True,True,Helene,2024-09-26
4828,DR-4828-FL,FL,DR,HURRICANE HELENE,2024-09-28T00:00:00.000Z,2024-09-23T00:00:00.000Z,12,079,Madison (County),True,False,True,True,Helene,2024-09-26
4828,DR-4828-FL,FL,DR,HURRICANE HELENE,2024-09-28T00:00:00.000Z,2024-09-23T00:00:00.000Z,12,081,Manatee (County),True,False,True,True,Helene,2024-09-26
4828,DR-4828-FL,FL,DR,HURRICANE HELENE,2024-09-28T00:00:00.000Z,2024-09-23T00:00:00.000Z,12,083,Marion (County),False,False,True,True,Helene,2024-09-26
4828,DR-4828-FL,FL,DR,HURRICANE HELENE,2024-09-28T00:00:00.000Z,2024-09-23T00:00:00.000Z,12,087,Monroe (County),False,False,True,True,Helene,2024-09-26
4828,DR-4828-FL,FL,DR,HURRICANE HELENE,2024-09-28T00:00:00.000Z,2024-09-23T00:00:00.000Z,12,089,Nassau (County),False,False,True,True,Helene,2024-09-26
4828,DR-4828-FL,FL,DR,HURRICANE HELENE,2024-09-28T00:00:00.000Z,2024-09-23T00:00:00.000Z,12,091,Okaloosa (County),False,False,True,True,Helene,2024-09-26
4828,DR-4828-FL,FL,DR,HURRICANE HELENE,2024-09-28T00:00:00.000Z,2024-09-23T00:00:00.000Z,12,101,Pasco (County),True,False,True,True,Helene,2024-09-26
4828,DR-4828-FL,FL,DR,HURRICANE HELENE,2024-09-28T00:00:00.000Z,2024-09-23T00:00:00.000Z,12,103,Pinellas (County),True,False,True,True,Helene,2024-09-26
4828,DR-4828-FL,FL,DR,HURRICANE HELENE,2024-09-28T00:00:00.000Z,2024-09-23T00:00:00.000Z,12,107,Putnam (County),True,False,True,True,Helene,2024-09-26
4828,DR-4828-FL,FL,DR,HURRICANE HELENE,2024-09-28T00:00:00.000Z,2024-09-23T00:00:00.000Z,12,113,Santa Rosa (County),False,False,True,True,Helene,2024-09-26
4828,DR-4828-FL,FL,DR,HURRICANE HELENE,2024-09-28T00:00:00.000Z,2024-09-23T00:00:00.000Z,12,115,Sarasota (County),True,False,True,True,Helene,2024-09-26
4828,DR-4828-FL,FL,DR,HURRICANE HELENE,2024-09-28T00:00:00.000Z,2024-09-23T00:00:00.000Z,12,119,Sumter (County),False,False,True,True,Helene,2024-09-26
4828,DR-4828-FL,FL,DR,HURRICANE HELENE,2024-09-28T00:00:00.000Z,2024-09-23T00:00:00.000Z,12,121,Suwannee (County),True,False,True,True,Helene,2024-09-26
4828,DR-4828-FL,FL,DR,HURRICANE HELENE,2024-09-28T00:00:00.000Z,2024-09-23T00:00:00.000Z,12,123,Taylor (County),True,False,True,True,Helene,2024-09-26
4828,DR-4828-FL,FL,DR,HURRICANE HELENE,2024-09-28T00:00:00.000Z,2024-09-23T00:00:00.000Z,12,125,Union (County),True,False,True,True,Helene,2024-09-26
4828,DR-4828-FL,FL,DR,HURRICANE HELENE,2024-09-28T00:00:00.000Z,2024-09-23T00:00:00.000Z,12,129,Wakulla (County),True,False,True,True,Helene,2024-09-26
4828,DR-4828-FL,FL,DR,HURRICANE HELENE,2024-09-28T00:00:00.000Z,2024-09-23T00:00:00.000Z,12,131,Walton (County),False,False,True,True,Helene,2024-09-26
4828,DR-4828-FL,FL,DR,HURRICANE HELENE,2024-09-28T00:00:00.000Z,2024-09-23T00:00:00.000Z,12,133,Washington (County),False,False,True,True,Helene,2024-09-26
4829,DR-4829-SC,SC,DR,HURRICANE HELENE,2024-09-29T00:00:00.000Z,2024-09-25T00:00:00.000Z,45,000,Catawba Indian Nation,True,False,True,True,Helene,2024-09-26
4829,DR-4829-SC,SC,DR,HURRICANE HELENE,2024-09-29T00:00:00.000Z,2024-09-25T00:00:00.000Z,45,001,Abbeville (County),True,False,True,True,Helene,2024-09-26
4829,DR-4829-SC,SC,DR,HURRICANE HELENE,2024-09-29T00:00:00.000Z,2024-09-25T00:00:00.000Z,45,003,Aiken (County),True,False,True,True,Helene,2024-09-26
4829,DR-4829-SC,SC,DR,HURRICANE HELENE,2024-09-29T00:00:00.000Z,2024-09-25T00:00:00.000Z,45,005,Allendale (County),True,False,True,True,Helene,2024-09-26
4829,DR-4829-SC,SC,DR,HURRICANE HELENE,2024-09-29T00:00:00.000Z,2024-09-25T00:00:00.000Z,45,007,Anderson (County),True,False,True,True,Helene,2024-09-26
4829,DR-4829-SC,SC,DR,HURRICANE HELENE,2024-09-29T00:00:00.000Z,2024-09-25T00:00:00.000Z,45,009,Bamberg (County),True,False,True,True,Helene,2024-09-26
4829,DR-4829-SC,SC,DR,HURRICANE HELENE,2024-09-29T00:00:00.000Z,2024-09-25T00:00:00.000Z,45,011,Barnwell (County),True,False,True,True,Helene,2024-09-26
4829,DR-4829-SC,SC,DR,HURRICANE HELENE,2024-09-29T00:00:00.000Z,2024-09-25T00:00:00.000Z,45,013,Beaufort (County),True,False,True,True,Helene,2024-09-26
4829,DR-4829-SC,SC,DR,HURRICANE HELENE,2024-09-29T00:00:00.000Z,2024-09-25T00:00:00.000Z,45,015,Berkeley (County),False,False,True,True,Helene,2024-09-26
4829,DR-4829-SC,SC,DR,HURRICANE HELENE,2024-09-29T00:00:00.000Z,2024-09-25T00:00:00.000Z,45,017,Calhoun (County),False,False,True,True,Helene,2024-09-26
4829,DR-4829-SC,SC,DR,HURRICANE HELENE,2024-09-29T00:00:00.000Z,2024-09-25T00:00:00.000Z,45,021,Cherokee (County),True,False,True,True,Helene,2024-09-26
4829,DR-4829-SC,SC,DR,HURRICANE HELENE,2024-09-29T00:00:00.000Z,2024-09-25T00:00:00.000Z,45,023,Chester (County),True,False,True,True,Helene,2024-09-26
4829,DR-4829-SC,SC,DR,HURRICANE HELENE,2024-09-29T00:00:00.000Z,2024-09-25T00:00:00.000Z,45,029,Colleton (County),False,False,True,True,Helene,2024-09-26
4829,DR-4829-SC,SC,DR,HURRICANE HELENE,2024-09-29T00:00:00.000Z,2024-09-25T00:00:00.000Z,45,037,Edgefield (County),True,False,True,True,Helene,2024-09-26
4829,DR-4829-SC,SC,DR,HURRICANE HELENE,2024-09-29T00:00:00.000Z,2024-09-25T00:00:00.000Z,45,039,Fairfield (County),True,False,True,True,Helene,2024-09-26
4829,DR-4829-SC,SC,DR,HURRICANE HELENE,2024-09-29T00:00:00.000Z,2024-09-25T00:00:00.000Z,45,045,Greenville (County),True,False,True,True,Helene,2024-09-26
4829,DR-4829-SC,SC,DR,HURRICANE HELENE,2024-09-29T00:00:00.000Z,2024-09-25T00:00:00.000Z,45,047,Greenwood (County),True,False,True,True,Helene,2024-09-26
4829,DR-4829-SC,SC,DR,HURRICANE HELENE,2024-09-29T00:00:00.000Z,2024-09-25T00:00:00.000Z,45,049,Hampton (County),True,False,True,True,Helene,2024-09-26
4829,DR-4829-SC,SC,DR,HURRICANE HELENE,2024-09-29T00:00:00.000Z,2024-09-25T00:00:00.000Z,45,053,Jasper (County),True,False,True,True,Helene,2024-09-26
4829,DR-4829-SC,SC,DR,HURRICANE HELENE,2024-09-29T00:00:00.000Z,2024-09-25T00:00:00.000Z,45,055,Kershaw (County),True,False,True,True,Helene,2024-09-26
4829,DR-4829-SC,SC,DR,HURRICANE HELENE,2024-09-29T00:00:00.000Z,2024-09-25T00:00:00.000Z,45,057,Lancaster (County),False,False,True,True,Helene,2024-09-26
4829,DR-4829-SC,SC,DR,HURRICANE HELENE,2024-09-29T00:00:00.000Z,2024-09-25T00:00:00.000Z,45,059,Laurens (County),True,False,True,True,Helene,2024-09-26
4829,DR-4829-SC,SC,DR,HURRICANE HELENE,2024-09-29T00:00:00.000Z,2024-09-25T00:00:00.000Z,45,063,Lexington (County),True,False,True,True,Helene,2024-09-26
4829,DR-4829-SC,SC,DR,HURRICANE HELENE,2024-09-29T00:00:00.000Z,2024-09-25T00:00:00.000Z,45,065,McCormick (County),True,False,True,True,Helene,2024-09-26
4829,DR-4829-SC,SC,DR,HURRICANE HELENE,2024-09-29T00:00:00.000Z,2024-09-25T00:00:00.000Z,45,071,Newberry (County),True,False,True,True,Helene,2024-09-26
4829,DR-4829-SC,SC,DR,HURRICANE HELENE,2024-09-29T00:00:00.000Z,2024-09-25T00:00:00.000Z,45,073,Oconee (County),True,False,True,True,Helene,2024-09-26
4829,DR-4829-SC,SC,DR,HURRICANE HELENE,2024-09-29T00:00:00.000Z,2024-09-25T00:00:00.000Z,45,075,Orangeburg (County),True,False,True,True,Helene,2024-09-26
4829,DR-4829-SC,SC,DR,HURRICANE HELENE,2024-09-29T00:00:00.000Z,2024-09-25T00:00:00.000Z,45,077,Pickens (County),True,False,True,True,Helene,2024-09-26
4829,DR-4829-SC,SC,DR,HURRICANE HELENE,2024-09-29T00:00:00.000Z,2024-09-25T00:00:00.000Z,45,079,Richland (County),True,False,True,True,Helene,2024-09-26
4829,DR-4829-SC,SC,DR,HURRICANE HELENE,2024-09-29T00:00:00.000Z,2024-09-25T00:00:00.000Z,45,081,Saluda (County),True,False,True,True,Helene,2024-09-26
4829,DR-4829-SC,SC,DR,HURRICANE HELENE,2024-09-29T00:00:00.000Z,2024-09-25T00:00:00.000Z,45,083,Spartanburg (County),True,False,True,True,Helene,2024-09-26
4829,DR-4829-SC,SC,DR,HURRICANE HELENE,2024-09-29T00:00:00.000Z,2024-09-25T00:00:00.000Z,45,087,Union (County),True,False,True,True,Helene,2024-09-26
4829,DR-4829-SC,SC,DR,HURRICANE HELENE,2024-09-29T00:00:00.000Z,2024-09-25T00:00:00.000Z,45,089,Williamsburg (County),False,False,True,True,Helene,2024-09-26
4829,DR-4829-SC,SC,DR,HURRICANE HELENE,2024-09-29T00:00:00.000Z,2024-09-25T00:00:00.000Z,45,091,York (County),True,False,True,True,Helene,2024-09-26
4830,DR-4830-GA,GA,DR,HURRICANE HELENE,2024-09-30T00:00:00.000Z,2024-09-24T00:00:00.000Z,13,001,Appling (County),True,False,True,True,Helene,2024-09-26
4830,DR-4830-GA,GA,DR,HURRICANE HELENE,2024-09-30T00:00:00.000Z,2024-09-24T00:00:00.000Z,13,003,Atkinson (County),True,False,True,True,Helene,2024-09-26
4830,DR-4830-GA,GA,DR,HURRICANE HELENE,2024-09-30T00:00:00.000Z,2024-09-24T00:00:00.000Z,13,005,Bacon (County),True,False,True,True,Helene,2024-09-26
4830,DR-4830-GA,GA,DR,HURRICANE HELENE,2024-09-30T00:00:00.000Z,2024-09-24T00:00:00.000Z,13,009,Baldwin (County),False,False,True,True,Helene,2024-09-26
4830,DR-4830-GA,GA,DR,HURRICANE HELENE,2024-09-30T00:00:00.000Z,2024-09-24T00:00:00.000Z,13,011,Banks (County),False,False,True,True,Helene,2024-09-26
4830,DR-4830-GA,GA,DR,HURRICANE HELENE,2024-09-30T00:00:00.000Z,2024-09-24T00:00:00.000Z,13,017,Ben Hill (County),True,False,True,True,Helene,2024-09-26
4830,DR-4830-GA,GA,DR,HURRICANE HELENE,2024-09-30T00:00:00.000Z,2024-09-24T00:00:00.000Z,13,019,Berrien (County),True,False,True,True,Helene,2024-09-26
4830,DR-4830-GA,GA,DR,HURRICANE HELENE,2024-09-30T00:00:00.000Z,2024-09-24T00:00:00.000Z,13,023,Bleckley (County),False,False,True,True,Helene,2024-09-26
4830,DR-4830-GA,GA,DR,HURRICANE HELENE,2024-09-30T00:00:00.000Z,2024-09-24T00:00:00.000Z,13,025,Brantley (County),True,False,True,True,Helene,2024-09-26
4830,DR-4830-GA,GA,DR,HURRICANE HELENE,2024-09-30T00:00:00.000Z,2024-09-24T00:00:00.000Z,13,027,Brooks (County),True,False,True,True,Helene,2024-09-26
4830,DR-4830-GA,GA,DR,HURRICANE HELENE,2024-09-30T00:00:00.000Z,2024-09-24T00:00:00.000Z,13,029,Bryan (County),True,False,True,True,Helene,2024-09-26
4830,DR-4830-GA,GA,DR,HURRICANE HELENE,2024-09-30T00:00:00.000Z,2024-09-24T00:00:00.000Z,13,031,Bulloch (County),True,False,True,True,Helene,2024-09-26
4830,DR-4830-GA,GA,DR,HURRICANE HELENE,2024-09-30T00:00:00.000Z,2024-09-24T00:00:00.000Z,13,033,Burke (County),True,False,True,True,Helene,2024-09-26
4830,DR-4830-GA,GA,DR,HURRICANE HELENE,2024-09-30T00:00:00.000Z,2024-09-24T00:00:00.000Z,13,035,Butts (County),True,False,True,True,Helene,2024-09-26
4830,DR-4830-GA,GA,DR,HURRICANE HELENE,2024-09-30T00:00:00.000Z,2024-09-24T00:00:00.000Z,13,039,Camden (County),True,False,True,True,Helene,2024-09-26
4830,DR-4830-GA,GA,DR,HURRICANE HELENE,2024-09-30T00:00:00.000Z,2024-09-24T00:00:00.000Z,13,043,Candler (County),True,False,True,True,Helene,2024-09-26
4830,DR-4830-GA,GA,DR,HURRICANE HELENE,2024-09-30T00:00:00.000Z,2024-09-24T00:00:00.000Z,13,049,Charlton (County),True,False,True,True,Helene,2024-09-26
4830,DR-4830-GA,GA,DR,HURRICANE HELENE,2024-09-30T00:00:00.000Z,2024-09-24T00:00:00.000Z,13,051,Chatham (County),True,False,True,True,Helene,2024-09-26
4830,DR-4830-GA,GA,DR,HURRICANE HELENE,2024-09-30T00:00:00.000Z,2024-09-24T00:00:00.000Z,13,065,Clinch (County),True,False,True,True,Helene,2024-09-26
4830,DR-4830-GA,GA,DR,HURRICANE HELENE,2024-09-30T00:00:00.000Z,2024-09-24T00:00:00.000Z,13,069,Coffee (County),True,False,True,True,Helene,2024-09-26
4830,DR-4830-GA,GA,DR,HURRICANE HELENE,2024-09-30T00:00:00.000Z,2024-09-24T00:00:00.000Z,13,071,Colquitt (County),True,False,True,True,Helene,2024-09-26
4830,DR-4830-GA,GA,DR,HURRICANE HELENE,2024-09-30T00:00:00.000Z,2024-09-24T00:00:00.000Z,13,073,Columbia (County),True,False,True,True,Helene,2024-09-26
4830,DR-4830-GA,GA,DR,HURRICANE HELENE,2024-09-30T00:00:00.000Z,2024-09-24T00:00:00.000Z,13,075,Cook (County),True,False,True,True,Helene,2024-09-26
4830,DR-4830-GA,GA,DR,HURRICANE HELENE,2024-09-30T00:00:00.000Z,2024-09-24T00:00:00.000Z,13,081,Crisp (County),False,False,True,True,Helene,2024-09-26
4830,DR-4830-GA,GA,DR,HURRICANE HELENE,2024-09-30T00:00:00.000Z,2024-09-24T00:00:00.000Z,13,085,Dawson (County),False,False,True,True,Helene,2024-09-26
4830,DR-4830-GA,GA,DR,HURRICANE HELENE,2024-09-30T00:00:00.000Z,2024-09-24T00:00:00.000Z,13,087,Decatur (County),False,False,True,True,Helene,2024-09-26
4830,DR-4830-GA,GA,DR,HURRICANE HELENE,2024-09-30T00:00:00.000Z,2024-09-24T00:00:00.000Z,13,091,Dodge (County),True,False,True,True,Helene,2024-09-26
4830,DR-4830-GA,GA,DR,HURRICANE HELENE,2024-09-30T00:00:00.000Z,2024-09-24T00:00:00.000Z,13,093,Dooly (County),False,False,True,True,Helene,2024-09-26
4830,DR-4830-GA,GA,DR,HURRICANE HELENE,2024-09-30T00:00:00.000Z,2024-09-24T00:00:00.000Z,13,101,Echols (County),True,False,True,True,Helene,2024-09-26
4830,DR-4830-GA,GA,DR,HURRICANE HELENE,2024-09-30T00:00:00.000Z,2024-09-24T00:00:00.000Z,13,103,Effingham (County),True,False,True,True,Helene,2024-09-26
4830,DR-4830-GA,GA,DR,HURRICANE HELENE,2024-09-30T00:00:00.000Z,2024-09-24T00:00:00.000Z,13,105,Elbert (County),True,False,True,True,Helene,2024-09-26
4830,DR-4830-GA,GA,DR,HURRICANE HELENE,2024-09-30T00:00:00.000Z,2024-09-24T00:00:00.000Z,13,107,Emanuel (County),True,False,True,True,Helene,2024-09-26
4830,DR-4830-GA,GA,DR,HURRICANE HELENE,2024-09-30T00:00:00.000Z,2024-09-24T00:00:00.000Z,13,109,Evans (County),True,False,True,True,Helene,2024-09-26
4830,DR-4830-GA,GA,DR,HURRICANE HELENE,2024-09-30T00:00:00.000Z,2024-09-24T00:00:00.000Z,13,119,Franklin (County),False,False,True,True,Helene,2024-09-26
4830,DR-4830-GA,GA,DR,HURRICANE HELENE,2024-09-30T00:00:00.000Z,2024-09-24T00:00:00.000Z,13,121,Fulton (County),True,False,False,True,Helene,2024-09-26
4830,DR-4830-GA,GA,DR,HURRICANE HELENE,2024-09-30T00:00:00.000Z,2024-09-24T00:00:00.000Z,13,123,Gilmer (County),False,False,True,True,Helene,2024-09-26
4830,DR-4830-GA,GA,DR,HURRICANE HELENE,2024-09-30T00:00:00.000Z,2024-09-24T00:00:00.000Z,13,125,Glascock (County),True,False,True,True,Helene,2024-09-26
4830,DR-4830-GA,GA,DR,HURRICANE HELENE,2024-09-30T00:00:00.000Z,2024-09-24T00:00:00.000Z,13,127,Glynn (County),True,False,True,True,Helene,2024-09-26
4830,DR-4830-GA,GA,DR,HURRICANE HELENE,2024-09-30T00:00:00.000Z,2024-09-24T00:00:00.000Z,13,131,Grady (County),False,False,True,True,Helene,2024-09-26
4830,DR-4830-GA,GA,DR,HURRICANE HELENE,2024-09-30T00:00:00.000Z,2024-09-24T00:00:00.000Z,13,133,Greene (County),False,False,True,True,Helene,2024-09-26
4830,DR-4830-GA,GA,DR,HURRICANE HELENE,2024-09-30T00:00:00.000Z,2024-09-24T00:00:00.000Z,13,137,Habersham (County),False,False,True,True,Helene,2024-09-26
4830,DR-4830-GA,GA,DR,HURRICANE HELENE,2024-09-30T00:00:00.000Z,2024-09-24T00:00:00.000Z,13,141,Hancock (County),True,False,True,True,Helene,2024-09-26
4830,DR-4830-GA,GA,DR,HURRICANE HELENE,2024-09-30T00:00:00.000Z,2024-09-24T00:00:00.000Z,13,147,Hart (County),False,False,True,True,Helene,2024-09-26
4830,DR-4830-GA,GA,DR,HURRICANE HELENE,2024-09-30T00:00:00.000Z,2024-09-24T00:00:00.000Z,13,155,Irwin (County),True,False,True,True,Helene,2024-09-26
4830,DR-4830-GA,GA,DR,HURRICANE HELENE,2024-09-30T00:00:00.000Z,2024-09-24T00:00:00.000Z,13,157,Jackson (County),False,False,True,True,Helene,2024-09-26
4830,DR-4830-GA,GA,DR,HURRICANE HELENE,2024-09-30T00:00:00.000Z,2024-09-24T00:00:00.000Z,13,159,Jasper (County),False,False,True,True,Helene,2024-09-26
4830,DR-4830-GA,GA,DR,HURRICANE HELENE,2024-09-30T00:00:00.000Z,2024-09-24T00:00:00.000Z,13,161,Jeff Davis (County),True,False,True,True,Helene,2024-09-26
4830,DR-4830-GA,GA,DR,HURRICANE HELENE,2024-09-30T00:00:00.000Z,2024-09-24T00:00:00.000Z,13,163,Jefferson (County),True,False,True,True,Helene,2024-09-26
4830,DR-4830-GA,GA,DR,HURRICANE HELENE,2024-09-30T00:00:00.000Z,2024-09-24T00:00:00.000Z,13,165,Jenkins (County),True,False,True,True,Helene,2024-09-26
4830,DR-4830-GA,GA,DR,HURRICANE HELENE,2024-09-30T00:00:00.000Z,2024-09-24T00:00:00.000Z,13,167,Johnson (County),True,False,True,True,Helene,2024-09-26
4830,DR-4830-GA,GA,DR,HURRICANE HELENE,2024-09-30T00:00:00.000Z,2024-09-24T00:00:00.000Z,13,171,Lamar (County),False,False,True,True,Helene,2024-09-26
4830,DR-4830-GA,GA,DR,HURRICANE HELENE,2024-09-30T00:00:00.000Z,2024-09-24T00:00:00.000Z,13,173,Lanier (County),True,False,True,True,Helene,2024-09-26
4830,DR-4830-GA,GA,DR,HURRICANE HELENE,2024-09-30T00:00:00.000Z,2024-09-24T00:00:00.000Z,13,175,Laurens (County),True,False,True,True,Helene,2024-09-26
4830,DR-4830-GA,GA,DR,HURRICANE HELENE,2024-09-30T00:00:00.000Z,2024-09-24T00:00:00.000Z,13,179,Liberty (County),True,False,True,True,Helene,2024-09-26
4830,DR-4830-GA,GA,DR,HURRICANE HELENE,2024-09-30T00:00:00.000Z,2024-09-24T00:00:00.000Z,13,181,Lincoln (County),True,False,True,True,Helene,2024-09-26
4830,DR-4830-GA,GA,DR,HURRICANE HELENE,2024-09-30T00:00:00.000Z,2024-09-24T00:00:00.000Z,13,183,Long (County),True,False,True,True,Helene,2024-09-26
4830,DR-4830-GA,GA,DR,HURRICANE HELENE,2024-09-30T00:00:00.000Z,2024-09-24T00:00:00.000Z,13,185,Lowndes (County),True,False,True,True,Helene,2024-09-26
4830,DR-4830-GA,GA,DR,HURRICANE HELENE,2024-09-30T00:00:00.000Z,2024-09-24T00:00:00.000Z,13,187,Lumpkin (County),False,False,True,True,Helene,2024-09-26
4830,DR-4830-GA,GA,DR,HURRICANE HELENE,2024-09-30T00:00:00.000Z,2024-09-24T00:00:00.000Z,13,189,McDuffie (County),True,False,True,True,Helene,2024-09-26
4830,DR-4830-GA,GA,DR,HURRICANE HELENE,2024-09-30T00:00:00.000Z,2024-09-24T00:00:00.000Z,13,191,McIntosh (County),True,False,True,True,Helene,2024-09-26
4830,DR-4830-GA,GA,DR,HURRICANE HELENE,2024-09-30T00:00:00.000Z,2024-09-24T00:00:00.000Z,13,195,Madison (County),False,False,True,True,Helene,2024-09-26
4830,DR-4830-GA,GA,DR,HURRICANE HELENE,2024-09-30T00:00:00.000Z,2024-09-24T00:00:00.000Z,13,205,Mitchell (County),False,False,True,True,Helene,2024-09-26
4830,DR-4830-GA,GA,DR,HURRICANE HELENE,2024-09-30T00:00:00.000Z,2024-09-24T00:00:00.000Z,13,207,Monroe (County),False,False,True,True,Helene,2024-09-26
4830,DR-4830-GA,GA,DR,HURRICANE HELENE,2024-09-30T00:00:00.000Z,2024-09-24T00:00:00.000Z,13,209,Montgomery (County),True,False,True,True,Helene,2024-09-26
4830,DR-4830-GA,GA,DR,HURRICANE HELENE,2024-09-30T00:00:00.000Z,2024-09-24T00:00:00.000Z,13,217,Newton (County),True,False,False,True,Helene,2024-09-26
4830,DR-4830-GA,GA,DR,HURRICANE HELENE,2024-09-30T00:00:00.000Z,2024-09-24T00:00:00.000Z,13,221,Oglethorpe (County),False,False,True,True,Helene,2024-09-26
4830,DR-4830-GA,GA,DR,HURRICANE HELENE,2024-09-30T00:00:00.000Z,2024-09-24T00:00:00.000Z,13,223,Paulding (County),False,False,True,True,Helene,2024-09-26
4830,DR-4830-GA,GA,DR,HURRICANE HELENE,2024-09-30T00:00:00.000Z,2024-09-24T00:00:00.000Z,13,229,Pierce (County),True,False,True,True,Helene,2024-09-26
4830,DR-4830-GA,GA,DR,HURRICANE HELENE,2024-09-30T00:00:00.000Z,2024-09-24T00:00:00.000Z,13,231,Pike (County),False,False,True,True,Helene,2024-09-26
4830,DR-4830-GA,GA,DR,HURRICANE HELENE,2024-09-30T00:00:00.000Z,2024-09-24T00:00:00.000Z,13,235,Pulaski (County),False,False,True,True,Helene,2024-09-26
4830,DR-4830-GA,GA,DR,HURRICANE HELENE,2024-09-30T00:00:00.000Z,2024-09-24T00:00:00.000Z,13,237,Putnam (County),False,False,True,True,Helene,2024-09-26
4830,DR-4830-GA,GA,DR,HURRICANE HELENE,2024-09-30T00:00:00.000Z,2024-09-24T00:00:00.000Z,13,241,Rabun (County),True,False,True,True,Helene,2024-09-26
4830,DR-4830-GA,GA,DR,HURRICANE HELENE,2024-09-30T00:00:00.000Z,2024-09-24T00:00:00.000Z,13,245,Richmond (County),True,False,True,True,Helene,2024-09-26
4830,DR-4830-GA,GA,DR,HURRICANE HELENE,2024-09-30T00:00:00.000Z,2024-09-24T00:00:00.000Z,13,251,Screven (County),True,False,True,True,Helene,2024-09-26
4830,DR-4830-GA,GA,DR,HURRICANE HELENE,2024-09-30T00:00:00.000Z,2024-09-24T00:00:00.000Z,13,257,Stephens (County),True,False,True,True,Helene,2024-09-26
4830,DR-4830-GA,GA,DR,HURRICANE HELENE,2024-09-30T00:00:00.000Z,2024-09-24T00:00:00.000Z,13,265,Taliaferro (County),True,False,True,True,Helene,2024-09-26
4830,DR-4830-GA,GA,DR,HURRICANE HELENE,2024-09-30T00:00:00.000Z,2024-09-24T00:00:00.000Z,13,267,Tattnall (County),True,False,True,True,Helene,2024-09-26
4830,DR-4830-GA,GA,DR,HURRICANE HELENE,2024-09-30T00:00:00.000Z,2024-09-24T00:00:00.000Z,13,271,Telfair (County),True,False,True,True,Helene,2024-09-26
4830,DR-4830-GA,GA,DR,HURRICANE HELENE,2024-09-30T00:00:00.000Z,2024-09-24T00:00:00.000Z,13,275,Thomas (County),True,False,True,True,Helene,2024-09-26
4830,DR-4830-GA,GA,DR,HURRICANE HELENE,2024-09-30T00:00:00.000Z,2024-09-24T00:00:00.000Z,13,277,Tift (County),True,False,True,True,Helene,2024-09-26
4830,DR-4830-GA,GA,DR,HURRICANE HELENE,2024-09-30T00:00:00.000Z,2024-09-24T00:00:00.000Z,13,279,Toombs (County),True,False,True,True,Helene,2024-09-26
4830,DR-4830-GA,GA,DR,HURRICANE HELENE,2024-09-30T00:00:00.000Z,2024-09-24T00:00:00.000Z,13,283,Treutlen (County),True,False,True,True,Helene,2024-09-26
4830,DR-4830-GA,GA,DR,HURRICANE HELENE,2024-09-30T00:00:00.000Z,2024-09-24T00:00:00.000Z,13,287,Turner (County),False,False,True,True,Helene,2024-09-26
4830,DR-4830-GA,GA,DR,HURRICANE HELENE,2024-09-30T00:00:00.000Z,2024-09-24T00:00:00.000Z,13,289,Twiggs (County),False,False,True,True,Helene,2024-09-26
4830,DR-4830-GA,GA,DR,HURRICANE HELENE,2024-09-30T00:00:00.000Z,2024-09-24T00:00:00.000Z,13,299,Ware (County),True,False,True,True,Helene,2024-09-26
4830,DR-4830-GA,GA,DR,HURRICANE HELENE,2024-09-30T00:00:00.000Z,2024-09-24T00:00:00.000Z,13,301,Warren (County),True,False,True,True,Helene,2024-09-26
4830,DR-4830-GA,GA,DR,HURRICANE HELENE,2024-09-30T00:00:00.000Z,2024-09-24T00:00:00.000Z,13,303,Washington (County),True,False,True,True,Helene,2024-09-26
4830,DR-4830-GA,GA,DR,HURRICANE HELENE,2024-09-30T00:00:00.000Z,2024-09-24T00:00:00.000Z,13,305,Wayne (County),True,False,True,True,Helene,2024-09-26
4830,DR-4830-GA,GA,DR,HURRICANE HELENE,2024-09-30T00:00:00.000Z,2024-09-24T00:00:00.000Z,13,309,Wheeler (County),True,False,True,True,Helene,2024-09-26
4830,DR-4830-GA,GA,DR,HURRICANE HELENE,2024-09-30T00:00:00.000Z,2024-09-24T00:00:00.000Z,13,311,White (County),False,False,True,True,Helene,2024-09-26
4830,DR-4830-GA,GA,DR,HURRICANE HELENE,2024-09-30T00:00:00.000Z,2024-09-24T00:00:00.000Z,13,315,Wilcox (County),False,False,True,True,Helene,2024-09-26
4830,DR-4830-GA,GA,DR,HURRICANE HELENE,2024-09-30T00:00:00.000Z,2024-09-24T00:00:00.000Z,13,317,Wilkes (County),True,False,True,True,Helene,2024-09-26
4830,DR-4830-GA,GA,DR,HURRICANE HELENE,2024-09-30T00:00:00.000Z,2024-09-24T00:00:00.000Z,13,319,Wilkinson (County),False,False,True,True,Helene,2024-09-26
4830,DR-4830-GA,GA,DR,HURRICANE HELENE,2024-09-30T00:00:00.000Z,2024-09-24T00:00:00.000Z,13,321,Worth (County),False,False,True,True,Helene,2024-09-26
4831,DR-4831-VA,VA,DR,TROPICAL STORM HELENE,2024-10-01T00:00:00.000Z,2024-09-25T00:00:00.000Z,51,580,Covington,False,False,True,True,Helene,2024-09-26
4831,DR-4831-VA,VA,DR,TROPICAL STORM HELENE,2024-10-01T00:00:00.000Z,2024-09-25T00:00:00.000Z,51,590,Danville,False,False,True,True,Helene,2024-09-26
4831,DR-4831-VA,VA,DR,TROPICAL STORM HELENE,2024-10-01T00:00:00.000Z,2024-09-25T00:00:00.000Z,51,640,Galax,True,False,True,True,Helene,2024-09-26
4831,DR-4831-VA,VA,DR,TROPICAL STORM HELENE,2024-10-01T00:00:00.000Z,2024-09-25T00:00:00.000Z,51,720,Norton,False,False,True,True,Helene,2024-09-26
4831,DR-4831-VA,VA,DR,TROPICAL STORM HELENE,2024-10-01T00:00:00.000Z,2024-09-25T00:00:00.000Z,51,750,Radford,True,False,True,True,Helene,2024-09-26
4831,DR-4831-VA,VA,DR,TROPICAL STORM HELENE,2024-10-01T00:00:00.000Z,2024-09-25T00:00:00.000Z,51,770,Roanoke,False,False,True,True,Helene,2024-09-26
4831,DR-4831-VA,VA,DR,TROPICAL STORM HELENE,2024-10-01T00:00:00.000Z,2024-09-25T00:00:00.000Z,51,520,Bristol,False,False,True,True,Helene,2024-09-26
4831,DR-4831-VA,VA,DR,TROPICAL STORM HELENE,2024-10-01T00:00:00.000Z,2024-09-25T00:00:00.000Z,51,003,Albemarle (County),False,False,True,True,Helene,2024-09-26
4831,DR-4831-VA,VA,DR,TROPICAL STORM HELENE,2024-10-01T00:00:00.000Z,2024-09-25T00:00:00.000Z,51,011,Appomattox (County),False,False,True,True,Helene,2024-09-26
4831,DR-4831-VA,VA,DR,TROPICAL STORM HELENE,2024-10-01T00:00:00.000Z,2024-09-25T00:00:00.000Z,51,019,Bedford (County),True,False,True,True,Helene,2024-09-26
4831,DR-4831-VA,VA,DR,TROPICAL STORM HELENE,2024-10-01T00:00:00.000Z,2024-09-25T00:00:00.000Z,51,021,Bland (County),True,False,True,True,Helene,2024-09-26
4831,DR-4831-VA,VA,DR,TROPICAL STORM HELENE,2024-10-01T00:00:00.000Z,2024-09-25T00:00:00.000Z,51,023,Botetourt (County),False,False,True,True,Helene,2024-09-26
4831,DR-4831-VA,VA,DR,TROPICAL STORM HELENE,2024-10-01T00:00:00.000Z,2024-09-25T00:00:00.000Z,51,027,Buchanan (County),False,False,True,True,Helene,2024-09-26
4831,DR-4831-VA,VA,DR,TROPICAL STORM HELENE,2024-10-01T00:00:00.000Z,2024-09-25T00:00:00.000Z,51,029,Buckingham (County),False,False,True,True,Helene,2024-09-26
4831,DR-4831-VA,VA,DR,TROPICAL STORM HELENE,2024-10-01T00:00:00.000Z,2024-09-25T00:00:00.000Z,51,035,Carroll (County),True,False,True,True,Helene,2024-09-26
4831,DR-4831-VA,VA,DR,TROPICAL STORM HELENE,2024-10-01T00:00:00.000Z,2024-09-25T00:00:00.000Z,51,037,Charlotte (County),False,False,True,True,Helene,2024-09-26
4831,DR-4831-VA,VA,DR,TROPICAL STORM HELENE,2024-10-01T00:00:00.000Z,2024-09-25T00:00:00.000Z,51,045,Craig (County),False,False,True,True,Helene,2024-09-26
4831,DR-4831-VA,VA,DR,TROPICAL STORM HELENE,2024-10-01T00:00:00.000Z,2024-09-25T00:00:00.000Z,51,051,Dickenson (County),False,False,True,True,Helene,2024-09-26
4831,DR-4831-VA,VA,DR,TROPICAL STORM HELENE,2024-10-01T00:00:00.000Z,2024-09-25T00:00:00.000Z,51,063,Floyd (County),False,False,True,True,Helene,2024-09-26
4831,DR-4831-VA,VA,DR,TROPICAL STORM HELENE,2024-10-01T00:00:00.000Z,2024-09-25T00:00:00.000Z,51,071,Giles (County),True,False,True,True,Helene,2024-09-26
4831,DR-4831-VA,VA,DR,TROPICAL STORM HELENE,2024-10-01T00:00:00.000Z,2024-09-25T00:00:00.000Z,51,077,Grayson (County),True,False,True,True,Helene,2024-09-26
4831,DR-4831-VA,VA,DR,TROPICAL STORM HELENE,2024-10-01T00:00:00.000Z,2024-09-25T00:00:00.000Z,51,079,Greene (County),False,False,True,True,Helene,2024-09-26
4831,DR-4831-VA,VA,DR,TROPICAL STORM HELENE,2024-10-01T00:00:00.000Z,2024-09-25T00:00:00.000Z,51,105,Lee (County),True,False,True,True,Helene,2024-09-26
4831,DR-4831-VA,VA,DR,TROPICAL STORM HELENE,2024-10-01T00:00:00.000Z,2024-09-25T00:00:00.000Z,51,113,Madison (County),False,False,True,True,Helene,2024-09-26
4831,DR-4831-VA,VA,DR,TROPICAL STORM HELENE,2024-10-01T00:00:00.000Z,2024-09-25T00:00:00.000Z,51,121,Montgomery (County),True,False,True,True,Helene,2024-09-26
4831,DR-4831-VA,VA,DR,TROPICAL STORM HELENE,2024-10-01T00:00:00.000Z,2024-09-25T00:00:00.000Z,51,125,Nelson (County),False,False,True,True,Helene,2024-09-26
4831,DR-4831-VA,VA,DR,TROPICAL STORM HELENE,2024-10-01T00:00:00.000Z,2024-09-25T00:00:00.000Z,51,141,Patrick (County),False,False,True,True,Helene,2024-09-26
4831,DR-4831-VA,VA,DR,TROPICAL STORM HELENE,2024-10-01T00:00:00.000Z,2024-09-25T00:00:00.000Z,51,143,Pittsylvania (County),True,False,True,True,Helene,2024-09-26
4831,DR-4831-VA,VA,DR,TROPICAL STORM HELENE,2024-10-01T00:00:00.000Z,2024-09-25T00:00:00.000Z,51,155,Pulaski (County),True,False,True,True,Helene,2024-09-26
4831,DR-4831-VA,VA,DR,TROPICAL STORM HELENE,2024-10-01T00:00:00.000Z,2024-09-25T00:00:00.000Z,51,161,Roanoke (County),False,False,True,True,Helene,2024-09-26
4831,DR-4831-VA,VA,DR,TROPICAL STORM HELENE,2024-10-01T00:00:00.000Z,2024-09-25T00:00:00.000Z,51,167,Russell (County),True,False,True,True,Helene,2024-09-26
4831,DR-4831-VA,VA,DR,TROPICAL STORM HELENE,2024-10-01T00:00:00.000Z,2024-09-25T00:00:00.000Z,51,169,Scott (County),True,False,True,True,Helene,2024-09-26
4831,DR-4831-VA,VA,DR,TROPICAL STORM HELENE,2024-10-01T00:00:00.000Z,2024-09-25T00:00:00.000Z,51,173,Smyth (County),True,False,True,True,Helene,2024-09-26
4831,DR-4831-VA,VA,DR,TROPICAL STORM HELENE,2024-10-01T00:00:00.000Z,2024-09-25T00:00:00.000Z,51,185,Tazewell (County),True,False,True,True,Helene,2024-09-26
4831,DR-4831-VA,VA,DR,TROPICAL STORM HELENE,2024-10-01T00:00:00.000Z,2024-09-25T00:00:00.000Z,51,191,Washington (County),True,False,True,True,Helene,2024-09-26
4831,DR-4831-VA,VA,DR,TROPICAL STORM HELENE,2024-10-01T00:00:00.000Z,2024-09-25T00:00:00.000Z,51,195,Wise (County),True,False,True,True,Helene,2024-09-26
4831,DR-4831-VA,VA,DR,TROPICAL STORM HELENE,2024-10-01T00:00:00.000Z,2024-09-25T00:00:00.000Z,51,197,Wythe (County),True,False,True,True,Helene,2024-09-26
4832,DR-4832-TN,TN,DR,TROPICAL STORM HELENE,2024-10-02T00:00:00.000Z,2024-09-26T00:00:00.000Z,47,019,Carter (County),True,False,True,True,Helene,2024-09-26
4832,DR-4832-TN,TN,DR,TROPICAL STORM HELENE,2024-10-02T00:00:00.000Z,2024-09-26T00:00:00.000Z,47,025,Claiborne (County),False,False,True,True,Helene,2024-09-26
4832,DR-4832-TN,TN,DR,TROPICAL STORM HELENE,2024-10-02T00:00:00.000Z,2024-09-26T00:00:00.000Z,47,029,Cocke (County),True,False,True,True,Helene,2024-09-26
4832,DR-4832-TN,TN,DR,TROPICAL STORM HELENE,2024-10-02T00:00:00.000Z,2024-09-26T00:00:00.000Z,47,057,Grainger (County),False,False,True,True,Helene,2024-09-26
4832,DR-4832-TN,TN,DR,TROPICAL STORM HELENE,2024-10-02T00:00:00.000Z,2024-09-26T00:00:00.000Z,47,059,Greene (County),True,False,True,True,Helene,2024-09-26
4832,DR-4832-TN,TN,DR,TROPICAL STORM HELENE,2024-10-02T00:00:00.000Z,2024-09-26T00:00:00.000Z,47,063,Hamblen (County),True,False,True,True,Helene,2024-09-26
4832,DR-4832-TN,TN,DR,TROPICAL STORM HELENE,2024-10-02T00:00:00.000Z,2024-09-26T00:00:00.000Z,47,067,Hancock (County),False,False,True,True,Helene,2024-09-26
4832,DR-4832-TN,TN,DR,TROPICAL STORM HELENE,2024-10-02T00:00:00.000Z,2024-09-26T00:00:00.000Z,47,073,Hawkins (County),True,False,True,True,Helene,2024-09-26
4832,DR-4832-TN,TN,DR,TROPICAL STORM HELENE,2024-10-02T00:00:00.000Z,2024-09-26T00:00:00.000Z,47,089,Jefferson (County),False,False,True,True,Helene,2024-09-26
4832,DR-4832-TN,TN,DR,TROPICAL STORM HELENE,2024-10-02T00:00:00.000Z,2024-09-26T00:00:00.000Z,47,091,Johnson (County),True,False,True,True,Helene,2024-09-26
4832,DR-4832-TN,TN,DR,TROPICAL STORM HELENE,2024-10-02T00:00:00.000Z,2024-09-26T00:00:00.000Z,47,155,Sevier (County),False,False,True,True,Helene,2024-09-26
4832,DR-4832-TN,TN,DR,TROPICAL STORM HELENE,2024-10-02T00:00:00.000Z,2024-09-26T00:00:00.000Z,47,163,Sullivan (County),False,False,True,True,Helene,2024-09-26
4832,DR-4832-TN,TN,DR,TROPICAL STORM HELENE,2024-10-02T00:00:00.000Z,2024-09-26T00:00:00.000Z,47,171,Unicoi (County),True,False,True,True,Helene,2024-09-26
4832,DR-4832-TN,TN,DR,TROPICAL STORM HELENE,2024-10-02T00:00:00.000Z,2024-09-26T00:00:00.000Z,47,179,Washington (County),True,False,True,True,Helene,2024-09-26
