ticker,conm,naics3,imp_intensity,import_reliance,source_countries,finished_vs_input,tariff_language,quote,url
,AVISTA CORP,221,0.0198672830185757,,,,,,
OGS,ONE GAS INC,221,0.0198672830185757,,,,,,
,DUKE ENERGY CORP,221,0.0198672830185757,,,,,,
CYPH,OPKO HEALTH INC,621,0.019410638616486,,,,,,
JBHT,HUNT (JB) TRANSPRT SVCS INC,484,0.0149708873123197,,,,,,
LB,LANDBRIDGE CO LLC,533,0.0147151375264473,,,,,,
HOMD,HOME DEPOT INC,444,0.0123867223621695,,,,,,
AFYA,AFYA LIMITED,611,0.0116932733586843,,,,,,
TRTX,TPG RE FINANCE TRT INC,525,0.0096354201826274,,,,,,
CIM,CHIMERA INVESTMENT CORP,525,0.0096354201826274,,,,,,
WAMU,MR COOPER GROUP INC,522,0.0089845846431908,,,,,,
BY,BYLINE BANCORP INC,522,0.0089845846431908,,,,,,
GHIV,UWM HOLDINGS CORP,522,0.0089845846431908,,,,,,
UPST,UPSTART HOLDINGS INC,522,0.0089845846431908,,,,,,
CZFS,CITIZENS FINANCIAL SVCS INC,522,0.0089845846431908,,,,,,
BCAL,CALIFORNIA BANCRP,522,0.0089845846431908,,,,,,
IBCP,INDEPENDENT BANK CORP/MI,522,0.0089845846431908,,,,,,
RBCAA,REPUBLIC BANCORP INC/KY,522,0.0089845846431908,,,,,,
UMSB,UMB FINANCIAL CORP,522,0.0089845846431908,,,,,,
ARC,HILLTOP HOLDINGS INC,522,0.0089845846431908,,,,,,
WFSL,WAFD INC,522,0.0089845846431908,,,,,,
MHS,HOST HOTELS & RESORTS INC,531,0.0044814389947682,,,,,,
CDC,W P CAREY INC,531,0.0044814389947682,,,,,,
RE,EVEREST GROUP LTD,524,0.043584690195063,,,,,,
TRUP,TRUPANION INC,524,0.043584690195063,,,,,,
AMSF,AMERISAFE INC,524,0.043584690195063,,,,,,
NODK,NI HOLDINGS INC,524,0.043584690195063,,,,,,
KNF,KNIFE RIVER CORP,212,0.0299168896628863,,,,,,
NG,NOVAGOLD RESOURCES LTD,212,0.0299168896628863,,,,,,
FM,JACK IN THE BOX INC,722,0.0297107163240576,,,,,,
WING,WINGSTOP INC,722,0.0297107163240576,,,,,,
NCMI,NATIONAL CINEMEDIA INC,541,0.0283220407697555,,,,,,
MCW,MISTER CAR WASH INC,811,0.0261472384128407,,,,,,
CTAS,CINTAS CORP,812,0.0261472384128407,,,,,,
REZI,RESIDEO TECHNOLOGIES,423,0.0233377117729747,,,,,,
SITE,SITEONE LANDSCAPE SUPPLY INC,423,0.0233377117729747,,,,,,
AVO,MISSION PRODUCE INC,424,0.0233377117729747,,,,,,
AMRK,GOLD.COM INC,423,0.0233377117729747,,,,,,
DH,DEFINITIVE HEALTH CORP,519,0.0222496350199748,,,,,,
PCPL,E2OPEN PARENT HOLDINGS INC,518,0.0222496350199748,,,,,,
ZIP,ZIPRECRUITER INC,519,0.0222496350199748,,,,,,
ASAN,ASANA INC,518,0.0222496350199748,,,,,,
VTEX,VTEX,518,0.0222496350199748,,,,,,
EB,EVENTBRITE INC,519,0.0222496350199748,,,,,,
BTDR,BITDEER TECHNOLOGIES GROUP,518,0.0222496350199748,,,,,,
JYD,JAYUD GLOBAL LOGISTICS LTD,488,0.0202182312474477,,,,,,
JHG,JANUS HENDERSON GROUP PLC,523,0.075066269752613,,,,,,
UBS,UBS GROUP AG,523,0.075066269752613,,,,,,
VINP,VINCI COMPASS INVEST LTD,523,0.075066269752613,,,,,,
CME,CME GROUP INC,523,0.075066269752613,,,,,,
PAX,PATRIA INVESTMENTS LTD,523,0.075066269752613,,,,,,
STBK,STATE STREET CORP,523,0.075066269752613,,,,,,
,TIMKEN CO,332,0.0715784478080226,,,,,,
SKX,SKECHERS U S A INC,316,0.0688767786860429,,,,,,
PODD,INSULET CORP,334,0.0627879376652511,,,,,,
AEHR,AEHR TEST SYSTEMS,334,0.0627879376652511,,,,,,
WAT,WATERS CORP,334,0.0627879376652511,,,,,,
TDY,TELEDYNE TECHNOLOGIES INC,334,0.0627879376652511,,,,,,
MRVL,MARVELL TECHNOLOGY INC,334,0.0627879376652511,,,,,,
VDSI,ONESPAN INC,334,0.0627879376652511,,,,,,
NOSH,HAIN CELESTIAL GROUP INC,311,0.0537525981275605,,,,,,
,PEPSICO INC,312,0.0537525981275605,,,,,,
TMCI,TREACE MEDIC CNCPTS INC,339,0.0523300229182582,,,,,,
SIBN,SI-BONE INC,339,0.0523300229182582,,,,,,
PRCT,PROCEPT BIOROBTCS CORP,339,0.0523300229182582,,,,,,
GPRK,GEOPARK LTD,211,0.0481238827544326,,,,,,
OAS,CHORD ENERGY CORP,211,0.0481238827544326,,,,,,
VTS,VITESSE ENERGY INC,211,0.0481238827544326,,,,,,
WBTN,WEBTOON ENTERTAINMENT INC,516,0.046777204115529,,,,,,
GBX,GREENBRIER COS INC (THE),336,0.1626785892913838,,,,,,
FCAU,STELLANTIS NV,336,0.1626785892913838,,,,,,
TMST,METALLUS INC,331,0.1564283207466237,,,,,,
SOI,SOLARIS ENRGY INFRASTRUCTURE,333,0.1205635048086465,,,,,,
ALMO,ALAMO GROUP INC,333,0.1205635048086465,,,,,,
APY,CHAMPIONX CORP,333,0.1205635048086465,,,,,,
NOI,NOV INC,333,0.1205635048086465,,,,,,
XYL,XYLEM INC,333,0.1205635048086465,,,,,,
CGEM,CULLINAN THERAPEUTICS INC,325,0.1076241890663283,,,,,,
RLAY,RELAY THERAPEUTICS INC,325,0.1076241890663283,,,,,,
AMPH,AMPHASTAR PHARMACEUTICLS INC,325,0.1076241890663283,,,,,,
GPRE,GREEN PLAINS INC,325,0.1076241890663283,,,,,,
COTY,COTY INC,325,0.1076241890663283,,,,,,
HSAC,IMMUNOVANT INC,325,0.1076241890663283,,,,,,
TCEL,CELLDEX THERAPEUTICS INC,325,0.1076241890663283,,,,,,
MNMD,DEFINIUM THERAPEUTICS INC,325,0.1076241890663283,,,,,,
SGPH,SIGA TECHNOLOGIES INC,325,0.1076241890663283,,,,,,
PTGX,PROTAGONIST THERAPEUTICS INC,325,0.1076241890663283,,,,,,
LLC,VALHI INC,325,0.1076241890663283,,,,,,
MDXG,MIMEDX GROUP INC,325,0.1076241890663283,,,,,,
IFSIA,INTERFACE INC,314,0.1060891267105179,,,,,,
EAF,GRAFTECH INTERNATIONAL LTD,335,0.098842658297674,,,,,,
EXPC,STRATA CRITICAL MEDICAL INC,481,0.0942736801491865,,,,,,
